dataset,encoder,method,D,k,transmitted_bytes,seed,note,target,family,cfg,train_acc,train_bal,test_acc,test_bal,sec
rafdb_dinol,dinov2-l14,raw_U,1024,1024,4096,0,,A_kept,lr,wd=1e-05,0.9686585875470122,0.9835692809627844,0.8465020576131688,0.7755989525228764,0.3948359489440918
rafdb_dinol,dinov2-l14,raw_U,1024,1024,4096,0,,A_kept,lr,wd=0.001,0.9686585875470122,0.9835692809627844,0.8465020576131688,0.7755989525228764,0.18102288246154785
rafdb_dinol,dinov2-l14,raw_U,1024,1024,4096,0,,A_kept,lr,wd=0.1,0.9662557459256164,0.9820419727904334,0.845679012345679,0.7749476146917569,0.16187381744384766
rafdb_dinol,dinov2-l14,raw_U,1024,1024,4096,0,,A_kept,mlp,"h=256,seed=0",1.0,1.0,0.8732510288065843,0.7832572468669541,1.329101324081421
rafdb_dinol,dinov2-l14,raw_U,1024,1024,4096,0,,A_kept,mlp,"h=256,seed=1",1.0,1.0,0.8765432098765432,0.7845443965134982,1.204516887664795
rafdb_dinol,dinov2-l14,raw_U,1024,1024,4096,0,,A_kept,mlp,"h=1024,seed=0",1.0,1.0,0.8777777777777778,0.7832066082117833,2.682464838027954
rafdb_dinol,dinov2-l14,raw_U,1024,1024,4096,0,,A_kept,mlp,"h=1024,seed=1",1.0,1.0,0.8794238683127572,0.781373284224739,2.696118116378784
rafdb_dinol,dinov2-l14,raw_U,1024,1024,4096,0,,A_kept,rff,gamma x0.5,0.885499373171751,0.8870165601175053,0.848559670781893,0.7772299375301281,1.0171985626220703
rafdb_dinol,dinov2-l14,raw_U,1024,1024,4096,0,,A_kept,rff,gamma x2.0,0.9178854993731718,0.941479886509,0.828395061728395,0.7428607154064345,0.3550081253051758
rafdb_dinol,dinov2-l14,raw_U,1024,1024,4096,0,,A_kept,tree,"depth=None,it=36",0.961450062682825,0.9495909787621246,0.8358024691358025,0.6963811433309962,88.75937056541443
rafdb_dinol,dinov2-l14,raw_U,1024,1024,4096,0,,A_kept,tree,"depth=6,it=39",0.9630171333054743,0.9505408592150942,0.8308641975308642,0.7060708388656562,86.52318167686462
rafdb_dinol,dinov2-l14,raw_U,1024,1024,4096,0,,A_kept,knn,k=15,1.0,1.0,0.7884773662551441,0.6267059735971561,1.5098745822906494
rafdb_dinol,dinov2-l14,raw_U,1024,1024,4096,0,,A_kept,knn,k=50,1.0,1.0,0.7810699588477367,0.6073599359332054,1.5789380073547363
rafdb_dinol,dinov2-l14,raw_U,1024,1024,4096,0,,B_gender,lr,wd=1e-05,0.9305495268686518,0.9306054316435579,0.8989194841408156,0.8984839723630756,0.3890378475189209
rafdb_dinol,dinov2-l14,raw_U,1024,1024,4096,0,,B_gender,lr,wd=0.001,0.9304627137772377,0.9305292353619365,0.8989194841408156,0.8984839723630756,0.18000054359436035
rafdb_dinol,dinov2-l14,raw_U,1024,1024,4096,0,,B_gender,lr,wd=0.1,0.930636339960066,0.930780312639323,0.8999651446497037,0.8995932548507942,0.1789994239807129
rafdb_dinol,dinov2-l14,raw_U,1024,1024,4096,0,,B_gender,mlp,"h=256,seed=0",1.0,1.0,0.9048448936911816,0.9027224248534631,1.504659652709961
rafdb_dinol,dinov2-l14,raw_U,1024,1024,4096,0,,B_gender,mlp,"h=256,seed=1",1.0,1.0,0.9034506796793308,0.9009377872668505,1.4504735469818115
rafdb_dinol,dinov2-l14,raw_U,1024,1024,4096,0,,B_gender,mlp,"h=1024,seed=0",1.0,1.0,0.905542000697107,0.9034313870849766,3.1881096363067627
rafdb_dinol,dinov2-l14,raw_U,1024,1024,4096,0,,B_gender,mlp,"h=1024,seed=1",1.0,1.0,0.9044963401882189,0.902047069754569,3.194836378097534
rafdb_dinol,dinov2-l14,raw_U,1024,1024,4096,0,,B_gender,rff,gamma x0.5,0.9084121885580345,0.9094977396896455,0.8992680376437783,0.8999844319900365,1.2490942478179932
rafdb_dinol,dinov2-l14,raw_U,1024,1024,4096,0,,B_gender,rff,gamma x2.0,0.9261220592065283,0.9268181059950072,0.8912513070756362,0.8916021706253892,0.4059720039367676
rafdb_dinol,dinov2-l14,raw_U,1024,1024,4096,0,,B_gender,tree,"depth=None,it=100",0.9815956246201927,0.9815766398709487,0.8950853956082259,0.8949972323537843,84.48476910591125
rafdb_dinol,dinov2-l14,raw_U,1024,1024,4096,0,,B_gender,tree,"depth=6,it=100",0.977515409323726,0.9776993604923094,0.9003136981526665,0.9003602882305846,82.59563732147217
rafdb_dinol,dinov2-l14,raw_U,1024,1024,4096,0,,B_gender,knn,k=15,1.0,1.0,0.8818403624956431,0.8753845051349722,2.1707265377044678
rafdb_dinol,dinov2-l14,raw_U,1024,1024,4096,0,,B_gender,knn,k=50,1.0,1.0,0.8811432554897177,0.8735754035327028,2.2036478519439697
rafdb_dinol,dinov2-l14,raw_U,1024,1024,4096,0,,B_race,lr,wd=1e-05,0.8765381794474778,0.9130841989973361,0.8014993481095176,0.7782327017620047,0.434830904006958
rafdb_dinol,dinov2-l14,raw_U,1024,1024,4096,0,,B_race,lr,wd=0.001,0.8766196723983375,0.9131196939747968,0.8011734028683182,0.7780909181238366,0.18300890922546387
rafdb_dinol,dinov2-l14,raw_U,1024,1024,4096,0,,B_race,lr,wd=0.1,0.8747453345285633,0.9118867818732816,0.8018252933507171,0.7800195278604095,0.18000006675720215
rafdb_dinol,dinov2-l14,raw_U,1024,1024,4096,0,,B_race,mlp,"h=256,seed=0",1.0,1.0,0.8676662320730117,0.755960138332117,1.457204818725586
rafdb_dinol,dinov2-l14,raw_U,1024,1024,4096,0,,B_race,mlp,"h=256,seed=1",1.0,1.0,0.8673402868318123,0.7550839843943612,1.4441804885864258
rafdb_dinol,dinov2-l14,raw_U,1024,1024,4096,0,,B_race,mlp,"h=1024,seed=0",1.0,1.0,0.8738591916558018,0.7608474174042943,3.35520339012146
rafdb_dinol,dinov2-l14,raw_U,1024,1024,4096,0,,B_race,mlp,"h=1024,seed=1",1.0,1.0,0.8741851368970013,0.7639169612890324,3.359903573989868
rafdb_dinol,dinov2-l14,raw_U,1024,1024,4096,0,,B_race,rff,gamma x0.5,0.8593431668160704,0.8637660582630655,0.8373533246414603,0.8077333328937643,1.198258638381958
rafdb_dinol,dinov2-l14,raw_U,1024,1024,4096,0,,B_race,rff,gamma x2.0,0.8839540379757151,0.9074849285931058,0.8269230769230769,0.7825159119335511,0.40900206565856934
rafdb_dinol,dinov2-l14,raw_U,1024,1024,4096,0,,B_race,tree,"depth=None,it=39",0.9514302012875886,0.9543037168907048,0.8640808344198174,0.778556970584415,87.77924060821533
rafdb_dinol,dinov2-l14,raw_U,1024,1024,4096,0,,B_race,tree,"depth=6,it=42",0.9521636378453264,0.9537447915870588,0.8689700130378096,0.7793912864188233,85.38538885116577
rafdb_dinol,dinov2-l14,raw_U,1024,1024,4096,0,,B_race,knn,k=15,1.0,1.0,0.8526727509778357,0.6326900057874851,2.3144783973693848
rafdb_dinol,dinov2-l14,raw_U,1024,1024,4096,0,,B_race,knn,k=50,1.0,1.0,0.8393089960886571,0.5772618123884005,2.4090685844421387
rafdb_dinol,dinov2-l14,raw_U,1024,1024,4096,0,,B_age,lr,wd=1e-05,0.8384809713959742,0.8956472748968783,0.7108865710560626,0.7232894131435991,0.45795249938964844
rafdb_dinol,dinov2-l14,raw_U,1024,1024,4096,0,,B_age,lr,wd=0.001,0.8383994784451145,0.8955431082302118,0.7108865710560626,0.7232894131435991,0.178999662399292
rafdb_dinol,dinov2-l14,raw_U,1024,1024,4096,0,,B_age,lr,wd=0.1,0.8361991687719013,0.8928469497314573,0.71251629726206,0.7267282263226085,0.18816018104553223
rafdb_dinol,dinov2-l14,raw_U,1024,1024,4096,0,,B_age,mlp,"h=256,seed=0",1.0,1.0,0.7750977835723598,0.7177240998567402,1.4792468547821045
rafdb_dinol,dinov2-l14,raw_U,1024,1024,4096,0,,B_age,mlp,"h=256,seed=1",1.0,1.0,0.7832464146023468,0.7295600617517842,1.427464485168457
rafdb_dinol,dinov2-l14,raw_U,1024,1024,4096,0,,B_age,mlp,"h=1024,seed=0",1.0,1.0,0.7855280312907431,0.7270422504568684,3.367854356765747
rafdb_dinol,dinov2-l14,raw_U,1024,1024,4096,0,,B_age,mlp,"h=1024,seed=1",1.0,1.0,0.7790091264667536,0.7224177250643988,3.368922710418701
rafdb_dinol,dinov2-l14,raw_U,1024,1024,4096,0,,B_age,rff,gamma x0.5,0.7859995110422948,0.8341664638192879,0.742503259452412,0.7613669913694304,1.401263952255249
rafdb_dinol,dinov2-l14,raw_U,1024,1024,4096,0,,B_age,rff,gamma x2.0,0.8220193953223046,0.8720572324029412,0.7350065189048239,0.7338602692033823,0.4079928398132324
rafdb_dinol,dinov2-l14,raw_U,1024,1024,4096,0,,B_age,tree,"depth=None,it=33",0.9229891614375356,0.93856672412722,0.7509778357235984,0.6984545671372873,91.34282875061035
rafdb_dinol,dinov2-l14,raw_U,1024,1024,4096,0,,B_age,tree,"depth=6,it=36",0.9164697253687556,0.9340467093499762,0.7509778357235984,0.7070105753127928,87.91742897033691
rafdb_dinol,dinov2-l14,raw_U,1024,1024,4096,0,,B_age,knn,k=15,1.0,1.0,0.7721642764015645,0.6480775800794436,2.386223554611206
rafdb_dinol,dinov2-l14,raw_U,1024,1024,4096,0,,B_age,knn,k=50,1.0,1.0,0.766297262059974,0.6341212256030364,2.4710888862609863
rafdb_dinol,dinov2-l14,raw_U,1024,1024,4096,0,,Aprime_heldout,lr,wd=1e-05,0.9907373101148573,0.9936932391523714,0.8369905956112853,0.8122123430962342,0.4263899326324463
rafdb_dinol,dinov2-l14,raw_U,1024,1024,4096,0,,Aprime_heldout,lr,wd=0.001,0.9907373101148573,0.9936932391523714,0.8369905956112853,0.8122123430962342,0.17000603675842285
rafdb_dinol,dinov2-l14,raw_U,1024,1024,4096,0,,Aprime_heldout,lr,wd=0.1,0.9888847721378288,0.9924318869828457,0.8385579937304075,0.8132583682008367,0.15602684020996094
rafdb_dinol,dinov2-l14,raw_U,1024,1024,4096,0,,Aprime_heldout,mlp,"h=256,seed=0",1.0,1.0,0.8620689655172413,0.8143959205020921,0.5089404582977295
rafdb_dinol,dinov2-l14,raw_U,1024,1024,4096,0,,Aprime_heldout,mlp,"h=256,seed=1",1.0,1.0,0.8636363636363636,0.813362970711297,0.49115538597106934
rafdb_dinol,dinov2-l14,raw_U,1024,1024,4096,0,,Aprime_heldout,mlp,"h=1024,seed=0",1.0,1.0,0.8605015673981191,0.811270920502092,0.8447363376617432
rafdb_dinol,dinov2-l14,raw_U,1024,1024,4096,0,,Aprime_heldout,mlp,"h=1024,seed=1",1.0,1.0,0.8636363636363636,0.817520920502092,0.842139720916748
rafdb_dinol,dinov2-l14,raw_U,1024,1024,4096,0,,Aprime_heldout,rff,gamma x0.5,0.9155242682474991,0.9242340760006024,0.822884012539185,0.8048770920502093,0.8725411891937256
rafdb_dinol,dinov2-l14,raw_U,1024,1024,4096,0,,Aprime_heldout,rff,gamma x2.0,0.9755464987032234,0.9815698328189408,0.799373040752351,0.7559231171548118,0.2754783630371094
rafdb_dinol,dinov2-l14,raw_U,1024,1024,4096,0,,Aprime_heldout,tree,"depth=None,it=39",0.9644312708410523,0.9566436140044219,0.8197492163009404,0.7736793933054393,70.36125206947327
rafdb_dinol,dinov2-l14,raw_U,1024,1024,4096,0,,Aprime_heldout,tree,"depth=6,it=47",0.968506854390515,0.9607538276848682,0.8307210031347962,0.7872384937238494,69.00897574424744
rafdb_dinol,dinov2-l14,raw_U,1024,1024,4096,0,,Aprime_heldout,knn,k=15,1.0,1.0,0.822884012539185,0.7279550209205021,0.2472693920135498
rafdb_dinol,dinov2-l14,raw_U,1024,1024,4096,0,,Aprime_heldout,knn,k=50,1.0,1.0,0.8213166144200627,0.7185930962343097,0.26210522651672363
rafdb_dinol,dinov2-l14,lda_shrink,1024,4,16,0,,A_kept,lr,wd=1e-05,0.9041997492687004,0.8765074745805302,0.8452674897119341,0.7798194253145325,0.21760773658752441
rafdb_dinol,dinov2-l14,lda_shrink,1024,4,16,0,,A_kept,lr,wd=0.001,0.9041997492687004,0.8765074745805302,0.8452674897119341,0.7798194253145325,0.20752358436584473
rafdb_dinol,dinov2-l14,lda_shrink,1024,4,16,0,,A_kept,lr,wd=0.1,0.9041997492687004,0.8754109368065921,0.8440329218106996,0.7756502758022854,0.1897273063659668
rafdb_dinol,dinov2-l14,lda_shrink,1024,4,16,0,,A_kept,mlp,"h=256,seed=0",0.9002298370246552,0.8845034583655689,0.8386831275720165,0.785823315777346,1.2506918907165527
rafdb_dinol,dinov2-l14,lda_shrink,1024,4,16,0,,A_kept,mlp,"h=256,seed=1",0.9012745507730882,0.886259167389522,0.8358024691358025,0.782171057383797,1.2004363536834717
rafdb_dinol,dinov2-l14,lda_shrink,1024,4,16,0,,A_kept,mlp,"h=1024,seed=0",0.9056623485165065,0.8917166159955695,0.8403292181069959,0.7841275243109815,1.2470002174377441
rafdb_dinol,dinov2-l14,lda_shrink,1024,4,16,0,,A_kept,mlp,"h=1024,seed=1",0.9053489343919766,0.8926360705881168,0.8403292181069959,0.7866868650753307,1.2066452503204346
rafdb_dinol,dinov2-l14,lda_shrink,1024,4,16,0,,A_kept,rff,gamma x0.5,0.899080651901379,0.8797537209148436,0.839917695473251,0.7829183708427014,0.28200507164001465
rafdb_dinol,dinov2-l14,lda_shrink,1024,4,16,0,,A_kept,rff,gamma x2.0,0.9035729210196406,0.8916315443594522,0.837037037037037,0.7759161721279981,0.29021620750427246
rafdb_dinol,dinov2-l14,lda_shrink,1024,4,16,0,,A_kept,tree,"depth=None,it=32",0.940451316339323,0.9469575468593211,0.8506172839506173,0.772745601896043,0.5121347904205322
rafdb_dinol,dinov2-l14,lda_shrink,1024,4,16,0,,A_kept,tree,"depth=6,it=41",0.9277058086084413,0.9349577021526707,0.8506172839506173,0.7758807789601556,0.6420543193817139
rafdb_dinol,dinov2-l14,lda_shrink,1024,4,16,0,,A_kept,knn,k=15,1.0,1.0,0.8711934156378601,0.7711110775138595,0.12599992752075195
rafdb_dinol,dinov2-l14,lda_shrink,1024,4,16,0,,A_kept,knn,k=50,1.0,1.0,0.8753086419753087,0.7692623083287838,0.19208645820617676
rafdb_dinol,dinov2-l14,lda_shrink,1024,4,16,0,,B_gender,lr,wd=1e-05,0.570275197499783,0.5593247924223912,0.5639595677936563,0.554389684587176,0.19096946716308594
rafdb_dinol,dinov2-l14,lda_shrink,1024,4,16,0,,B_gender,lr,wd=0.001,0.570275197499783,0.5593247924223912,0.5639595677936563,0.554389684587176,0.20180201530456543
rafdb_dinol,dinov2-l14,lda_shrink,1024,4,16,0,,B_gender,lr,wd=0.1,0.5700147582255404,0.559071532398991,0.564308121296619,0.5546066482815882,0.20176243782043457
rafdb_dinol,dinov2-l14,lda_shrink,1024,4,16,0,,B_gender,mlp,"h=256,seed=0",0.6013542842260613,0.5935109912329237,0.5691878703380969,0.5645200110705848,1.425049066543579
rafdb_dinol,dinov2-l14,lda_shrink,1024,4,16,0,,B_gender,mlp,"h=256,seed=1",0.5956246201927251,0.588876775502482,0.5751132798884628,0.5725172730777215,1.4220554828643799
rafdb_dinol,dinov2-l14,lda_shrink,1024,4,16,0,,B_gender,mlp,"h=1024,seed=0",0.625141071273548,0.6059512293379264,0.5747647263855001,0.5590069586533425,1.4646592140197754
rafdb_dinol,dinov2-l14,lda_shrink,1024,4,16,0,,B_gender,mlp,"h=1024,seed=1",0.6222762392568799,0.6067920323253002,0.5768560474032765,0.5649843331455288,1.450566291809082
rafdb_dinol,dinov2-l14,lda_shrink,1024,4,16,0,,B_gender,rff,gamma x0.5,0.5870301241427207,0.5730191564553606,0.5911467410247473,0.5801139677173838,0.33074188232421875
rafdb_dinol,dinov2-l14,lda_shrink,1024,4,16,0,,B_gender,rff,gamma x2.0,0.5944092369129265,0.584849486135474,0.5622168002788428,0.5559635362611076,0.3347470760345459
rafdb_dinol,dinov2-l14,lda_shrink,1024,4,16,0,,B_gender,tree,"depth=None,it=25",0.6430245681048702,0.6344766761906127,0.5674451028232834,0.5597680613626703,0.3233218193054199
rafdb_dinol,dinov2-l14,lda_shrink,1024,4,16,0,,B_gender,tree,"depth=6,it=36",0.6381630349856758,0.6300863285271315,0.5698849773440223,0.5624786248752088,0.35201573371887207
rafdb_dinol,dinov2-l14,lda_shrink,1024,4,16,0,,B_gender,knn,k=15,1.0,1.0,0.5779017079121646,0.5547255088021035,0.1477038860321045
rafdb_dinol,dinov2-l14,lda_shrink,1024,4,16,0,,B_gender,knn,k=50,1.0,1.0,0.5845242244684559,0.5497716691872017,0.23219895362854004
rafdb_dinol,dinov2-l14,lda_shrink,1024,4,16,0,,B_race,lr,wd=1e-05,0.3786977426452612,0.3822266313205474,0.36310299869621904,0.34441295653915627,0.19724082946777344
rafdb_dinol,dinov2-l14,lda_shrink,1024,4,16,0,,B_race,lr,wd=0.001,0.3786977426452612,0.3822266313205474,0.36310299869621904,0.34441295653915627,0.19893479347229004
rafdb_dinol,dinov2-l14,lda_shrink,1024,4,16,0,,B_race,lr,wd=0.1,0.3786977426452612,0.3822266313205474,0.36310299869621904,0.34441295653915627,0.18899250030517578
rafdb_dinol,dinov2-l14,lda_shrink,1024,4,16,0,,B_race,mlp,"h=256,seed=0",0.42082959823975225,0.45514627077135694,0.37777053455019555,0.3825668869036169,1.436460256576538
rafdb_dinol,dinov2-l14,lda_shrink,1024,4,16,0,,B_race,mlp,"h=256,seed=1",0.45261184907505503,0.43990276512453247,0.42209908735332463,0.3915585565484776,1.4082064628601074
rafdb_dinol,dinov2-l14,lda_shrink,1024,4,16,0,,B_race,mlp,"h=1024,seed=0",0.4557900741585853,0.47534613592701896,0.40580182529335074,0.38278544837271006,1.4484801292419434
rafdb_dinol,dinov2-l14,lda_shrink,1024,4,16,0,,B_race,mlp,"h=1024,seed=1",0.352294026566702,0.4765192881056426,0.3116036505867014,0.39817179192653085,1.4605605602264404
rafdb_dinol,dinov2-l14,lda_shrink,1024,4,16,0,,B_race,rff,gamma x0.5,0.38888436150273004,0.40879071561830443,0.37646675358539766,0.3987638968683112,0.3489990234375
rafdb_dinol,dinov2-l14,lda_shrink,1024,4,16,0,,B_race,rff,gamma x2.0,0.4205036264363133,0.4575826344744908,0.38852672750977835,0.4025897556402615,0.3490750789642334
rafdb_dinol,dinov2-l14,lda_shrink,1024,4,16,0,,B_race,tree,"depth=None,it=16",0.4934398174557901,0.5809901460939716,0.4031942633637549,0.36500501090037457,0.36672401428222656
rafdb_dinol,dinov2-l14,lda_shrink,1024,4,16,0,,B_race,tree,"depth=6,it=17",0.46891043924700515,0.5476973925510333,0.39048239895697523,0.366799710104132,0.3829991817474365
rafdb_dinol,dinov2-l14,lda_shrink,1024,4,16,0,,B_race,knn,k=15,1.0,1.0,0.7594524119947849,0.3320009193920388,0.16805243492126465
rafdb_dinol,dinov2-l14,lda_shrink,1024,4,16,0,,B_race,knn,k=50,1.0,1.0,0.766297262059974,0.3333333333333333,0.241044282913208
rafdb_dinol,dinov2-l14,lda_shrink,1024,4,16,0,,B_age,lr,wd=1e-05,0.28367696194279196,0.30272087184641727,0.2926988265971317,0.32978976868526355,0.19799113273620605
rafdb_dinol,dinov2-l14,lda_shrink,1024,4,16,0,,B_age,lr,wd=0.001,0.28367696194279196,0.30272087184641727,0.2926988265971317,0.32978976868526355,0.18799996376037598
rafdb_dinol,dinov2-l14,lda_shrink,1024,4,16,0,,B_age,lr,wd=0.1,0.28367696194279196,0.3027944153313354,0.2923728813559322,0.3296825480010648,0.1945784091949463
rafdb_dinol,dinov2-l14,lda_shrink,1024,4,16,0,,B_age,mlp,"h=256,seed=0",0.34691549180995845,0.3788372898296811,0.33572359843546284,0.3453194504385337,1.464935541152954
rafdb_dinol,dinov2-l14,lda_shrink,1024,4,16,0,,B_age,mlp,"h=256,seed=1",0.3420259147583734,0.3823374948104724,0.3288787483702738,0.3472981116375885,1.4630260467529297
rafdb_dinol,dinov2-l14,lda_shrink,1024,4,16,0,,B_age,mlp,"h=1024,seed=0",0.37062994051014586,0.4062429490029468,0.3458279009126467,0.3503872220535634,1.4767158031463623
rafdb_dinol,dinov2-l14,lda_shrink,1024,4,16,0,,B_age,mlp,"h=1024,seed=1",0.3651699128025426,0.40558640387596334,0.3471316818774446,0.35025160416049544,1.4795875549316406
rafdb_dinol,dinov2-l14,lda_shrink,1024,4,16,0,,B_age,rff,gamma x0.5,0.33738081655936764,0.37382173544072195,0.3324641460234681,0.3514067110675592,0.34700489044189453
rafdb_dinol,dinov2-l14,lda_shrink,1024,4,16,0,,B_age,rff,gamma x2.0,0.3462635482030804,0.3954148766522954,0.31486310299869624,0.33654100813703636,0.35199570655822754
rafdb_dinol,dinov2-l14,lda_shrink,1024,4,16,0,,B_age,tree,"depth=None,it=18",0.4379431179202999,0.5300428898152648,0.34647979139504564,0.3263696821628715,0.42135167121887207
rafdb_dinol,dinov2-l14,lda_shrink,1024,4,16,0,,B_age,tree,"depth=6,it=23",0.4277564990628311,0.5062504604479628,0.34778357235984353,0.33931728748362355,0.48606085777282715
rafdb_dinol,dinov2-l14,lda_shrink,1024,4,16,0,,B_age,knn,k=15,1.0,1.0,0.5153194263363755,0.24853730308239688,0.1580338478088379
rafdb_dinol,dinov2-l14,lda_shrink,1024,4,16,0,,B_age,knn,k=50,1.0,1.0,0.5436766623207301,0.24692487417181574,0.2728996276855469
rafdb_dinol,dinov2-l14,lda_shrink,1024,4,16,0,,Aprime_heldout,lr,wd=1e-05,0.5857725083364209,0.5773164899718104,0.6065830721003135,0.5794456066945607,0.18116068840026855
rafdb_dinol,dinov2-l14,lda_shrink,1024,4,16,0,,Aprime_heldout,lr,wd=0.001,0.5857725083364209,0.5773164899718104,0.6065830721003135,0.5794456066945607,0.16199803352355957
rafdb_dinol,dinov2-l14,lda_shrink,1024,4,16,0,,Aprime_heldout,lr,wd=0.1,0.5850314931456095,0.5768119491040001,0.6065830721003135,0.5794456066945607,0.1640000343322754
rafdb_dinol,dinov2-l14,lda_shrink,1024,4,16,0,,Aprime_heldout,mlp,"h=256,seed=0",0.6320859577621342,0.6511328596137905,0.6112852664576802,0.6262421548117154,0.4895355701446533
rafdb_dinol,dinov2-l14,lda_shrink,1024,4,16,0,,Aprime_heldout,mlp,"h=256,seed=1",0.6609855502037791,0.6538969272968572,0.6489028213166145,0.6284780334728033,0.4830002784729004
rafdb_dinol,dinov2-l14,lda_shrink,1024,4,16,0,,Aprime_heldout,mlp,"h=1024,seed=0",0.671359762875139,0.6858849590526734,0.6128526645768025,0.6148143305439331,0.5040361881256104
rafdb_dinol,dinov2-l14,lda_shrink,1024,4,16,0,,Aprime_heldout,mlp,"h=1024,seed=1",0.6872915894775843,0.6789294022774004,0.6394984326018809,0.6180439330543932,0.4905660152435303
rafdb_dinol,dinov2-l14,lda_shrink,1024,4,16,0,,Aprime_heldout,rff,gamma x0.5,0.6135605779918488,0.6371840990110436,0.6191222570532915,0.635630230125523,0.19393658638000488
rafdb_dinol,dinov2-l14,lda_shrink,1024,4,16,0,,Aprime_heldout,rff,gamma x2.0,0.6583919970359392,0.6730497771435247,0.6410658307210031,0.6378007322175732,0.18175625801086426
rafdb_dinol,dinov2-l14,lda_shrink,1024,4,16,0,,Aprime_heldout,tree,"depth=None,it=9",0.6954427565765098,0.7080685725222962,0.6065830721003135,0.5939984309623431,0.2573561668395996
rafdb_dinol,dinov2-l14,lda_shrink,1024,4,16,0,,Aprime_heldout,tree,"depth=6,it=13",0.62467580585402,0.673682388357139,0.5846394984326019,0.6063807531380754,0.2742176055908203
rafdb_dinol,dinov2-l14,lda_shrink,1024,4,16,0,,Aprime_heldout,knn,k=15,1.0,1.0,0.7178683385579937,0.5061061715481171,0.025002241134643555
rafdb_dinol,dinov2-l14,lda_shrink,1024,4,16,0,,Aprime_heldout,knn,k=50,1.0,1.0,0.7601880877742947,0.5343488493723849,0.046006202697753906
rafdb_dinol,dinov2-l14,vib_b1,1024,4,16,0,,A_kept,lr,wd=1e-05,0.9265566234851651,0.9531740715172947,0.8362139917695474,0.7709281432048287,0.16597366333007812
rafdb_dinol,dinov2-l14,vib_b1,1024,4,16,0,,A_kept,lr,wd=0.001,0.9265566234851651,0.9531740715172947,0.8362139917695474,0.7709281432048287,0.14799952507019043
rafdb_dinol,dinov2-l14,vib_b1,1024,4,16,0,,A_kept,lr,wd=0.1,0.9244671959882992,0.9519964657160124,0.8353909465020576,0.7711550581022177,0.14902734756469727
rafdb_dinol,dinov2-l14,vib_b1,1024,4,16,0,,A_kept,mlp,"h=256,seed=0",0.9458838278311743,0.9657003177181236,0.8493827160493828,0.760613682773054,1.1690361499786377
rafdb_dinol,dinov2-l14,vib_b1,1024,4,16,0,,A_kept,mlp,"h=256,seed=1",0.946510656080234,0.9659494983116396,0.8506172839506173,0.7657855212782257,1.1759982109069824
rafdb_dinol,dinov2-l14,vib_b1,1024,4,16,0,,A_kept,mlp,"h=1024,seed=0",0.9471374843292938,0.9665989135040747,0.8493827160493828,0.7629337096456597,1.1876671314239502
rafdb_dinol,dinov2-l14,vib_b1,1024,4,16,0,,A_kept,mlp,"h=1024,seed=1",0.9478687839531968,0.9667780207829699,0.8497942386831275,0.7630393834799658,1.1874675750732422
rafdb_dinol,dinov2-l14,vib_b1,1024,4,16,0,,A_kept,rff,gamma x0.5,0.9442122858336816,0.963625435761059,0.8489711934156379,0.7724351515783052,0.28538012504577637
rafdb_dinol,dinov2-l14,vib_b1,1024,4,16,0,,A_kept,rff,gamma x2.0,0.9460927705808608,0.9654703549455379,0.8497942386831275,0.7692983277353508,0.28287267684936523
rafdb_dinol,dinov2-l14,vib_b1,1024,4,16,0,,A_kept,tree,"depth=None,it=43",0.9741955704137066,0.9847554550853024,0.845679012345679,0.752824300089975,0.6058943271636963
rafdb_dinol,dinov2-l14,vib_b1,1024,4,16,0,,A_kept,tree,"depth=6,it=46",0.9648976180526536,0.9784409367829507,0.8465020576131688,0.756298839919373,0.5881187915802002
rafdb_dinol,dinov2-l14,vib_b1,1024,4,16,0,,A_kept,knn,k=15,1.0,1.0,0.8518518518518519,0.7521322928386083,0.10700249671936035
rafdb_dinol,dinov2-l14,vib_b1,1024,4,16,0,,A_kept,knn,k=50,1.0,1.0,0.8539094650205762,0.7520988681910563,0.18799948692321777
rafdb_dinol,dinov2-l14,vib_b1,1024,4,16,0,,B_gender,lr,wd=1e-05,0.5648059727406893,0.559162608244988,0.5625653537818055,0.5565472130791053,0.17913508415222168
rafdb_dinol,dinov2-l14,vib_b1,1024,4,16,0,,B_gender,lr,wd=0.001,0.5648059727406893,0.559162608244988,0.5625653537818055,0.5565472130791053,0.1473982334136963
rafdb_dinol,dinov2-l14,vib_b1,1024,4,16,0,,B_gender,lr,wd=0.1,0.5644587203750325,0.5588084807614304,0.5625653537818055,0.5565472130791053,0.14941930770874023
rafdb_dinol,dinov2-l14,vib_b1,1024,4,16,0,,B_gender,mlp,"h=256,seed=0",0.6031773591457592,0.5916818193304848,0.5883583130010457,0.5792033626901522,1.3730690479278564
rafdb_dinol,dinov2-l14,vib_b1,1024,4,16,0,,B_gender,mlp,"h=256,seed=1",0.5983158260265649,0.5885250305937986,0.5782502614151273,0.5711695282151648,1.3917226791381836
rafdb_dinol,dinov2-l14,vib_b1,1024,4,16,0,,B_gender,mlp,"h=1024,seed=0",0.626530080736175,0.609711501233067,0.5691878703380969,0.5540686870484042,1.4154303073883057
rafdb_dinol,dinov2-l14,vib_b1,1024,4,16,0,,B_gender,mlp,"h=1024,seed=1",0.6254883236392048,0.6046277166810431,0.5803415824329035,0.5613782383931837,1.3960115909576416
rafdb_dinol,dinov2-l14,vib_b1,1024,4,16,0,,B_gender,rff,gamma x0.5,0.5856411146800937,0.5741931202673993,0.5841756709654932,0.5749495893010705,0.33277106285095215
rafdb_dinol,dinov2-l14,vib_b1,1024,4,16,0,,B_gender,rff,gamma x2.0,0.6010070318604045,0.5905417188245612,0.5772046009062392,0.5692351411993792,0.33702635765075684
rafdb_dinol,dinov2-l14,vib_b1,1024,4,16,0,,B_gender,tree,"depth=None,it=26",0.6429377550134561,0.6322294161978324,0.5768560474032765,0.5665428639207662,0.31489014625549316
rafdb_dinol,dinov2-l14,vib_b1,1024,4,16,0,,B_gender,tree,"depth=6,it=25",0.6205399774285962,0.6095362205795811,0.5765074939003137,0.5654091174173907,0.3300924301147461
rafdb_dinol,dinov2-l14,vib_b1,1024,4,16,0,,B_gender,knn,k=15,1.0,1.0,0.5636110142906936,0.5414294398481748,0.14502692222595215
rafdb_dinol,dinov2-l14,vib_b1,1024,4,16,0,,B_gender,knn,k=50,1.0,1.0,0.5883583130010457,0.5537168006009746,0.2301638126373291
rafdb_dinol,dinov2-l14,vib_b1,1024,4,16,0,,B_race,lr,wd=1e-05,0.45489365169912804,0.3862542589262832,0.439374185136897,0.35650877485064597,0.1874988079071045
rafdb_dinol,dinov2-l14,vib_b1,1024,4,16,0,,B_race,lr,wd=0.001,0.45489365169912804,0.3862542589262832,0.439374185136897,0.35650877485064597,0.16677284240722656
rafdb_dinol,dinov2-l14,vib_b1,1024,4,16,0,,B_race,lr,wd=0.1,0.45489365169912804,0.3867019591058755,0.4390482398956975,0.35636699121247783,0.16499996185302734
rafdb_dinol,dinov2-l14,vib_b1,1024,4,16,0,,B_race,mlp,"h=256,seed=0",0.4271860484068128,0.4611933587246327,0.39928292046936115,0.39831875405081996,1.4221549034118652
rafdb_dinol,dinov2-l14,vib_b1,1024,4,16,0,,B_race,mlp,"h=256,seed=1",0.4424252302175862,0.45974095623317085,0.4132985658409387,0.39411482439426143,1.402529001235962
rafdb_dinol,dinov2-l14,vib_b1,1024,4,16,0,,B_race,mlp,"h=1024,seed=0",0.45782739793007904,0.4982869055309147,0.41003911342894395,0.3963202347516146,1.444176435470581
rafdb_dinol,dinov2-l14,vib_b1,1024,4,16,0,,B_race,mlp,"h=1024,seed=1",0.3715263629696031,0.49086633200520696,0.34159061277705344,0.3976348965715193,1.4886527061462402
rafdb_dinol,dinov2-l14,vib_b1,1024,4,16,0,,B_race,rff,gamma x0.5,0.41113193708744195,0.4177500982598652,0.39308996088657105,0.3961732124123705,0.34459829330444336
rafdb_dinol,dinov2-l14,vib_b1,1024,4,16,0,,B_race,rff,gamma x2.0,0.4136582185640942,0.46310735978004586,0.38005215123859193,0.3994420075828542,0.358001708984375
rafdb_dinol,dinov2-l14,vib_b1,1024,4,16,0,,B_race,tree,"depth=None,it=13",0.5062342107407709,0.5731152068776936,0.4273142112125163,0.3845051874844932,0.3504605293273926
rafdb_dinol,dinov2-l14,vib_b1,1024,4,16,0,,B_race,tree,"depth=6,it=13",0.47616331187352295,0.550981323268004,0.40189048239895697,0.3776759836438419,0.3505134582519531
rafdb_dinol,dinov2-l14,vib_b1,1024,4,16,0,,B_race,knn,k=15,1.0,1.0,0.7614080834419817,0.3328516212210478,0.14003324508666992
rafdb_dinol,dinov2-l14,vib_b1,1024,4,16,0,,B_race,knn,k=50,1.0,1.0,0.766297262059974,0.3333333333333333,0.24400043487548828
rafdb_dinol,dinov2-l14,vib_b1,1024,4,16,0,,B_age,lr,wd=1e-05,0.26338521717871405,0.2843416930644738,0.2669491525423729,0.3068199775258027,0.17890310287475586
rafdb_dinol,dinov2-l14,vib_b1,1024,4,16,0,,B_age,lr,wd=0.001,0.26338521717871405,0.2843416930644738,0.2669491525423729,0.3068199775258027,0.1640005111694336
rafdb_dinol,dinov2-l14,vib_b1,1024,4,16,0,,B_age,lr,wd=0.1,0.2647705973433298,0.28470213645185727,0.2689048239895698,0.3072639297553922,0.15999960899353027
rafdb_dinol,dinov2-l14,vib_b1,1024,4,16,0,,B_age,mlp,"h=256,seed=0",0.3302909298345693,0.37187258681534396,0.3119295958279009,0.33398283178048427,1.3995294570922852
rafdb_dinol,dinov2-l14,vib_b1,1024,4,16,0,,B_age,mlp,"h=256,seed=1",0.32059326868225896,0.37187324842865993,0.3060625814863103,0.33890783302320765,1.403961420059204
rafdb_dinol,dinov2-l14,vib_b1,1024,4,16,0,,B_age,mlp,"h=1024,seed=0",0.36109526525955504,0.3920997349379095,0.3305084745762712,0.33595345482553157,1.424623727798462
rafdb_dinol,dinov2-l14,vib_b1,1024,4,16,0,,B_age,mlp,"h=1024,seed=1",0.35620568820797,0.39082690675924103,0.32529335071707954,0.3310350732481817,1.4397459030151367
rafdb_dinol,dinov2-l14,vib_b1,1024,4,16,0,,B_age,rff,gamma x0.5,0.31105859343166814,0.35227770582455953,0.3060625814863103,0.3510571899334361,0.35138821601867676
rafdb_dinol,dinov2-l14,vib_b1,1024,4,16,0,,B_age,rff,gamma x2.0,0.33420259147583736,0.38327179537622824,0.29791395045632335,0.3361999543751589,0.3491244316101074
rafdb_dinol,dinov2-l14,vib_b1,1024,4,16,0,,B_age,tree,"depth=None,it=18",0.42628962594735553,0.522850685798479,0.3194263363754889,0.3210347621858039,0.41337060928344727
rafdb_dinol,dinov2-l14,vib_b1,1024,4,16,0,,B_age,tree,"depth=6,it=19",0.40387906446092414,0.4867917314553856,0.31258148631029986,0.31304699090679666,0.4340236186981201
rafdb_dinol,dinov2-l14,vib_b1,1024,4,16,0,,B_age,knn,k=15,1.0,1.0,0.5215123859191656,0.24298545214901637,0.1460409164428711
rafdb_dinol,dinov2-l14,vib_b1,1024,4,16,0,,B_age,knn,k=50,1.0,1.0,0.5413950456323338,0.2286533337512393,0.25925254821777344
rafdb_dinol,dinov2-l14,vib_b1,1024,4,16,0,,Aprime_heldout,lr,wd=1e-05,0.5879955539088552,0.5855063071126891,0.5909090909090909,0.5689853556485356,0.17064976692199707
rafdb_dinol,dinov2-l14,vib_b1,1024,4,16,0,,Aprime_heldout,lr,wd=0.001,0.5879955539088552,0.5855063071126891,0.5909090909090909,0.5689853556485356,0.1461951732635498
rafdb_dinol,dinov2-l14,vib_b1,1024,4,16,0,,Aprime_heldout,lr,wd=0.1,0.5876250463134495,0.5852540366787841,0.5909090909090909,0.5689853556485356,0.14899802207946777
rafdb_dinol,dinov2-l14,vib_b1,1024,4,16,0,,Aprime_heldout,mlp,"h=256,seed=0",0.637273064097814,0.6422024158852264,0.6018808777429467,0.5887813807531381,0.47913646697998047
rafdb_dinol,dinov2-l14,vib_b1,1024,4,16,0,,Aprime_heldout,mlp,"h=256,seed=1",0.6517228603186366,0.6426942904551001,0.6144200626959248,0.5888336820083682,0.4793374538421631
rafdb_dinol,dinov2-l14,vib_b1,1024,4,16,0,,Aprime_heldout,mlp,"h=1024,seed=0",0.6898851426454242,0.6753543396847781,0.6300940438871473,0.5909780334728033,0.4990873336791992
rafdb_dinol,dinov2-l14,vib_b1,1024,4,16,0,,Aprime_heldout,mlp,"h=1024,seed=1",0.6721007780659504,0.6663609163081401,0.6128526645768025,0.5815507322175733,0.48918819427490234
rafdb_dinol,dinov2-l14,vib_b1,1024,4,16,0,,Aprime_heldout,rff,gamma x0.5,0.6220822526861801,0.6278536113726467,0.5956112852664577,0.5866762552301255,0.16999602317810059
rafdb_dinol,dinov2-l14,vib_b1,1024,4,16,0,,Aprime_heldout,rff,gamma x2.0,0.6569099666543164,0.6707054565004145,0.5940438871473355,0.577314330543933,0.1698009967803955
rafdb_dinol,dinov2-l14,vib_b1,1024,4,16,0,,Aprime_heldout,tree,"depth=None,it=11",0.7206372730640979,0.7172115285829086,0.6191222570532915,0.5753399581589959,0.2587907314300537
rafdb_dinol,dinov2-l14,vib_b1,1024,4,16,0,,Aprime_heldout,tree,"depth=6,it=9",0.6787699147832531,0.6811386157425194,0.6175548589341693,0.5805308577405858,0.275115966796875
rafdb_dinol,dinov2-l14,vib_b1,1024,4,16,0,,Aprime_heldout,knn,k=15,1.0,1.0,0.7100313479623824,0.5091919456066946,0.03000044822692871
rafdb_dinol,dinov2-l14,vib_b1,1024,4,16,0,,Aprime_heldout,knn,k=50,1.0,1.0,0.7523510971786834,0.5228817991631799,0.05102372169494629
rafdb_dinol,dinov2-l14,adv2attr_lam03,1024,4,16,0,,A_kept,lr,wd=1e-05,0.9180944421228583,0.9448334357760823,0.8222222222222222,0.7611085655548143,0.16500020027160645
rafdb_dinol,dinov2-l14,adv2attr_lam03,1024,4,16,0,,A_kept,lr,wd=0.001,0.917989970748015,0.9447541964733881,0.8222222222222222,0.7611085655548143,0.16199994087219238
rafdb_dinol,dinov2-l14,adv2attr_lam03,1024,4,16,0,,A_kept,lr,wd=0.1,0.9144379440033431,0.9424626678410336,0.8197530864197531,0.760221248602717,0.16299986839294434
rafdb_dinol,dinov2-l14,adv2attr_lam03,1024,4,16,0,,A_kept,mlp,"h=256,seed=0",0.9581069786878396,0.9742260751812477,0.8411522633744856,0.7626273768602787,1.1874651908874512
rafdb_dinol,dinov2-l14,adv2attr_lam03,1024,4,16,0,,A_kept,mlp,"h=256,seed=1",0.959360635185959,0.9754738596317278,0.8403292181069959,0.7618506977534085,1.1844701766967773
rafdb_dinol,dinov2-l14,adv2attr_lam03,1024,4,16,0,,A_kept,mlp,"h=1024,seed=0",0.9609277058086084,0.9776159593385957,0.8432098765432099,0.7627192934884776,1.1947352886199951
rafdb_dinol,dinov2-l14,adv2attr_lam03,1024,4,16,0,,A_kept,mlp,"h=1024,seed=1",0.9608232344337652,0.9776062344830647,0.8432098765432099,0.7639735288311569,1.1890311241149902
rafdb_dinol,dinov2-l14,adv2attr_lam03,1024,4,16,0,,A_kept,rff,gamma x0.5,0.9523610530714585,0.9698735085078327,0.8378600823045268,0.7623683718526957,0.27751612663269043
rafdb_dinol,dinov2-l14,adv2attr_lam03,1024,4,16,0,,A_kept,rff,gamma x2.0,0.9564354366903468,0.9746162113129087,0.8390946502057613,0.7621849332639455,0.2743527889251709
rafdb_dinol,dinov2-l14,adv2attr_lam03,1024,4,16,0,,A_kept,tree,"depth=None,it=51",0.9827622231508567,0.9892057405477791,0.842798353909465,0.7571575107061184,0.6946103572845459
rafdb_dinol,dinov2-l14,adv2attr_lam03,1024,4,16,0,,A_kept,tree,"depth=6,it=47",0.9734642707898036,0.984989031658062,0.8419753086419753,0.762990385248931,0.5901889801025391
rafdb_dinol,dinov2-l14,adv2attr_lam03,1024,4,16,0,,A_kept,knn,k=15,1.0,1.0,0.8510288065843621,0.7532451678658434,0.11900687217712402
rafdb_dinol,dinov2-l14,adv2attr_lam03,1024,4,16,0,,A_kept,knn,k=50,1.0,1.0,0.8518518518518519,0.7485675480473303,0.19204068183898926
rafdb_dinol,dinov2-l14,adv2attr_lam03,1024,4,16,0,,B_gender,lr,wd=1e-05,0.5395433631391614,0.5340289488688365,0.5378180550714534,0.5316082495626131,0.18497991561889648
rafdb_dinol,dinov2-l14,adv2attr_lam03,1024,4,16,0,,B_gender,lr,wd=0.001,0.5395433631391614,0.5340289488688365,0.5378180550714534,0.5316082495626131,0.16204547882080078
rafdb_dinol,dinov2-l14,adv2attr_lam03,1024,4,16,0,,B_gender,lr,wd=0.1,0.5394565500477472,0.5339280814086791,0.5378180550714534,0.5316082495626131,0.15999984741210938
rafdb_dinol,dinov2-l14,adv2attr_lam03,1024,4,16,0,,B_gender,mlp,"h=256,seed=0",0.5940619845472698,0.5831877861895138,0.5597769257581039,0.5502275894789906,1.401247262954712
rafdb_dinol,dinov2-l14,adv2attr_lam03,1024,4,16,0,,B_gender,mlp,"h=256,seed=1",0.5901553954336314,0.5806964583009124,0.5677936563262461,0.5594349553717048,1.3636107444763184
rafdb_dinol,dinov2-l14,adv2attr_lam03,1024,4,16,0,,B_gender,mlp,"h=1024,seed=0",0.6140289955725323,0.5989859484649362,0.5674451028232834,0.5531672251381352,1.409066915512085
rafdb_dinol,dinov2-l14,adv2attr_lam03,1024,4,16,0,,B_gender,mlp,"h=1024,seed=1",0.6126399861099053,0.5933013246439957,0.5775531544092019,0.5584507111862329,1.4131112098693848
rafdb_dinol,dinov2-l14,adv2attr_lam03,1024,4,16,0,,B_gender,rff,gamma x0.5,0.5781751888184739,0.5634954820539234,0.5569884977344022,0.5428995047890164,0.3279845714569092
rafdb_dinol,dinov2-l14,adv2attr_lam03,1024,4,16,0,,B_gender,rff,gamma x2.0,0.5919784703533293,0.5824446072861784,0.5625653537818055,0.5544386126184898,0.3439974784851074
rafdb_dinol,dinov2-l14,adv2attr_lam03,1024,4,16,0,,B_gender,tree,"depth=None,it=32",0.6477124750412362,0.6327935484422357,0.5569884977344022,0.5419827219800532,0.3186049461364746
rafdb_dinol,dinov2-l14,adv2attr_lam03,1024,4,16,0,,B_gender,tree,"depth=6,it=22",0.6137685562982897,0.599423481440541,0.560822586266992,0.5469363144836857,0.32468175888061523
rafdb_dinol,dinov2-l14,adv2attr_lam03,1024,4,16,0,,B_gender,knn,k=15,1.0,1.0,0.5562913907284768,0.5321059316589074,0.13000106811523438
rafdb_dinol,dinov2-l14,adv2attr_lam03,1024,4,16,0,,B_gender,knn,k=50,1.0,1.0,0.5768560474032765,0.5401395190226255,0.24703216552734375
rafdb_dinol,dinov2-l14,adv2attr_lam03,1024,4,16,0,,B_race,lr,wd=1e-05,0.4306902452937821,0.38831574919833406,0.4230769230769231,0.3816346766062891,0.14997434616088867
rafdb_dinol,dinov2-l14,adv2attr_lam03,1024,4,16,0,,B_race,lr,wd=0.001,0.4306902452937821,0.38831574919833406,0.4230769230769231,0.3816346766062891,0.14999985694885254
rafdb_dinol,dinov2-l14,adv2attr_lam03,1024,4,16,0,,B_race,lr,wd=0.1,0.43060875234292234,0.3878325540412812,0.42340286831812257,0.38177646024445727,0.15543723106384277
rafdb_dinol,dinov2-l14,adv2attr_lam03,1024,4,16,0,,B_race,mlp,"h=256,seed=0",0.3962187270801076,0.4423780025111405,0.3725554106910039,0.3965627504824516,1.3890228271484375
rafdb_dinol,dinov2-l14,adv2attr_lam03,1024,4,16,0,,B_race,mlp,"h=256,seed=1",0.4482112297286285,0.44098090757455094,0.42209908735332463,0.39115734806745106,1.408294916152954
rafdb_dinol,dinov2-l14,adv2attr_lam03,1024,4,16,0,,B_race,mlp,"h=1024,seed=0",0.4597832287507131,0.4746682699536506,0.42340286831812257,0.40158501642976335,1.4373750686645508
rafdb_dinol,dinov2-l14,adv2attr_lam03,1024,4,16,0,,B_race,mlp,"h=1024,seed=1",0.3751935457582919,0.4791855954444239,0.33702737940026073,0.39785303653592824,1.41945219039917
rafdb_dinol,dinov2-l14,adv2attr_lam03,1024,4,16,0,,B_race,rff,gamma x0.5,0.4044495151169424,0.4105803412613236,0.3882007822685789,0.3960149411668654,0.34322142601013184
rafdb_dinol,dinov2-l14,adv2attr_lam03,1024,4,16,0,,B_race,rff,gamma x2.0,0.3985005297041806,0.45091736437237356,0.36929595827900913,0.3976617449145328,0.3455057144165039
rafdb_dinol,dinov2-l14,adv2attr_lam03,1024,4,16,0,,B_race,tree,"depth=None,it=11",0.5164208295982398,0.5509276019651282,0.43318122555410693,0.34980015145717064,0.322188138961792
rafdb_dinol,dinov2-l14,adv2attr_lam03,1024,4,16,0,,B_race,tree,"depth=6,it=12",0.4878168038464673,0.5299937340238464,0.42666232073011734,0.3768195915015955,0.3525846004486084
rafdb_dinol,dinov2-l14,adv2attr_lam03,1024,4,16,0,,B_race,knn,k=15,1.0,1.0,0.7604302477183833,0.33516800774027117,0.14304614067077637
rafdb_dinol,dinov2-l14,adv2attr_lam03,1024,4,16,0,,B_race,knn,k=50,1.0,1.0,0.7659713168187744,0.33373989718191077,0.2515120506286621
rafdb_dinol,dinov2-l14,adv2attr_lam03,1024,4,16,0,,B_age,lr,wd=1e-05,0.19778339173661477,0.2822422316895639,0.19230769230769232,0.28838581760208704,0.16758394241333008
rafdb_dinol,dinov2-l14,adv2attr_lam03,1024,4,16,0,,B_age,lr,wd=0.001,0.19778339173661477,0.2822422316895639,0.19230769230769232,0.28838581760208704,0.16100025177001953
rafdb_dinol,dinov2-l14,adv2attr_lam03,1024,4,16,0,,B_age,lr,wd=0.1,0.19786488468747454,0.2826403086497402,0.19230769230769232,0.2881077481710267,0.16199994087219238
rafdb_dinol,dinov2-l14,adv2attr_lam03,1024,4,16,0,,B_age,mlp,"h=256,seed=0",0.2979382283432483,0.374426001680655,0.2623859191655802,0.31820331358752346,1.407020092010498
rafdb_dinol,dinov2-l14,adv2attr_lam03,1024,4,16,0,,B_age,mlp,"h=256,seed=1",0.2829435253850542,0.37465793521906515,0.2522816166883963,0.31370452928861486,1.430999755859375
rafdb_dinol,dinov2-l14,adv2attr_lam03,1024,4,16,0,,B_age,mlp,"h=1024,seed=0",0.3437372667264282,0.40603719042299036,0.3008474576271186,0.3195267019843047,1.4242124557495117
rafdb_dinol,dinov2-l14,adv2attr_lam03,1024,4,16,0,,B_age,mlp,"h=1024,seed=1",0.3329801972129411,0.4006171999414912,0.2920469361147327,0.32149771867664273,1.42863130569458
rafdb_dinol,dinov2-l14,adv2attr_lam03,1024,4,16,0,,B_age,rff,gamma x0.5,0.2677043435742808,0.3459473188043184,0.2591264667535854,0.3446147044638357,0.34501051902770996
rafdb_dinol,dinov2-l14,adv2attr_lam03,1024,4,16,0,,B_age,rff,gamma x2.0,0.30812484720071714,0.38286720659597073,0.27672750977835725,0.34536736558704495,0.35857057571411133
rafdb_dinol,dinov2-l14,adv2attr_lam03,1024,4,16,0,,B_age,tree,"depth=None,it=21",0.41145790889088096,0.5269301525379969,0.2982398956975228,0.3292361131163886,0.46237635612487793
rafdb_dinol,dinov2-l14,adv2attr_lam03,1024,4,16,0,,B_age,tree,"depth=6,it=20",0.3662293211637193,0.47630612334550754,0.2878096479791395,0.33026752814502586,0.4340023994445801
rafdb_dinol,dinov2-l14,adv2attr_lam03,1024,4,16,0,,B_age,knn,k=15,1.0,1.0,0.5247718383311604,0.2388434329055727,0.1399996280670166
rafdb_dinol,dinov2-l14,adv2attr_lam03,1024,4,16,0,,B_age,knn,k=50,1.0,1.0,0.546284224250326,0.22683466622561185,0.2648892402648926
rafdb_dinol,dinov2-l14,adv2attr_lam03,1024,4,16,0,,Aprime_heldout,lr,wd=1e-05,0.5913301222675065,0.5944529355552834,0.5987460815047022,0.5866893305439331,0.18268418312072754
rafdb_dinol,dinov2-l14,adv2attr_lam03,1024,4,16,0,,Aprime_heldout,lr,wd=0.001,0.5913301222675065,0.5944529355552834,0.5987460815047022,0.5866893305439331,0.16299986839294434
rafdb_dinol,dinov2-l14,adv2attr_lam03,1024,4,16,0,,Aprime_heldout,lr,wd=0.1,0.5902185994812894,0.5932510446177381,0.5987460815047022,0.5866893305439331,0.16499996185302734
rafdb_dinol,dinov2-l14,adv2attr_lam03,1024,4,16,0,,Aprime_heldout,mlp,"h=256,seed=0",0.6494998147462023,0.6594289329206935,0.5799373040752351,0.5679001046025105,0.5059998035430908
rafdb_dinol,dinov2-l14,adv2attr_lam03,1024,4,16,0,,Aprime_heldout,mlp,"h=256,seed=1",0.6609855502037791,0.6543420069326871,0.6003134796238244,0.5752615062761506,0.48330116271972656
rafdb_dinol,dinov2-l14,adv2attr_lam03,1024,4,16,0,,Aprime_heldout,mlp,"h=1024,seed=0",0.6817339755464987,0.6849370977570801,0.5689655172413793,0.5584989539748955,0.5116655826568604
rafdb_dinol,dinov2-l14,adv2attr_lam03,1024,4,16,0,,Aprime_heldout,mlp,"h=1024,seed=1",0.6772878844016302,0.6814647729143885,0.5862068965517241,0.570005230125523,0.4869999885559082
rafdb_dinol,dinov2-l14,adv2attr_lam03,1024,4,16,0,,Aprime_heldout,rff,gamma x0.5,0.6306039273805113,0.6447828222482116,0.5893416927899686,0.5949660041841004,0.18500113487243652
rafdb_dinol,dinov2-l14,adv2attr_lam03,1024,4,16,0,,Aprime_heldout,rff,gamma x2.0,0.6554279362726936,0.6732570118514327,0.554858934169279,0.5532426778242678,0.18400025367736816
rafdb_dinol,dinov2-l14,adv2attr_lam03,1024,4,16,0,,Aprime_heldout,tree,"depth=None,it=13",0.693960726194887,0.715516003867443,0.5752351097178683,0.5418933054393305,0.25725507736206055
rafdb_dinol,dinov2-l14,adv2attr_lam03,1024,4,16,0,,Aprime_heldout,tree,"depth=6,it=14",0.6887736198592072,0.7035277047120035,0.5924764890282131,0.5700313807531381,0.26979541778564453
rafdb_dinol,dinov2-l14,adv2attr_lam03,1024,4,16,0,,Aprime_heldout,knn,k=15,1.0,1.0,0.7398119122257053,0.5353033472803348,0.023999691009521484
rafdb_dinol,dinov2-l14,adv2attr_lam03,1024,4,16,0,,Aprime_heldout,knn,k=50,1.0,1.0,0.7445141065830722,0.5114147489539749,0.04600167274475098
rafdb_dinol,dinov2-l14,leace2attr,1024,1024,4096,0,,A_kept,lr,wd=1e-05,0.9642707898035938,0.9806811660632058,0.8320987654320988,0.7514565122291025,0.363569974899292
rafdb_dinol,dinov2-l14,leace2attr,1024,1024,4096,0,,A_kept,lr,wd=0.001,0.9642707898035938,0.9806811660632058,0.8320987654320988,0.7514565122291025,0.21400213241577148
rafdb_dinol,dinov2-l14,leace2attr,1024,1024,4096,0,,A_kept,lr,wd=0.1,0.9613455913079816,0.9789827734516944,0.8308641975308642,0.7515146507551835,0.216505765914917
rafdb_dinol,dinov2-l14,leace2attr,1024,1024,4096,0,,A_kept,mlp,"h=256,seed=0",1.0,1.0,0.8691358024691358,0.7687263996817605,1.2194585800170898
rafdb_dinol,dinov2-l14,leace2attr,1024,1024,4096,0,,A_kept,mlp,"h=256,seed=1",1.0,1.0,0.8736625514403292,0.7734666529066703,1.2376594543457031
rafdb_dinol,dinov2-l14,leace2attr,1024,1024,4096,0,,A_kept,mlp,"h=1024,seed=0",1.0,1.0,0.8761316872427983,0.7762349115802007,2.680788278579712
rafdb_dinol,dinov2-l14,leace2attr,1024,1024,4096,0,,A_kept,mlp,"h=1024,seed=1",1.0,1.0,0.8777777777777778,0.7724951902256867,2.6890480518341064
rafdb_dinol,dinov2-l14,leace2attr,1024,1024,4096,0,,A_kept,rff,gamma x0.5,0.8851859590472211,0.8898893925126881,0.8378600823045268,0.7639356933379525,1.5373930931091309
rafdb_dinol,dinov2-l14,leace2attr,1024,1024,4096,0,,A_kept,rff,gamma x2.0,0.9143334726284998,0.939998059024842,0.8218106995884774,0.7365604931780215,0.3680276870727539
rafdb_dinol,dinov2-l14,leace2attr,1024,1024,4096,0,,A_kept,tree,"depth=None,it=36",0.9610321771834517,0.9468080678448636,0.8296296296296296,0.6912882233351121,87.20439600944519
rafdb_dinol,dinov2-l14,leace2attr,1024,1024,4096,0,,A_kept,tree,"depth=6,it=37",0.9588382783117426,0.9464252964747519,0.8271604938271605,0.6910434273445527,84.83598375320435
rafdb_dinol,dinov2-l14,leace2attr,1024,1024,4096,0,,A_kept,knn,k=15,1.0,1.0,0.7847736625514403,0.62323338335986,1.27829909324646
rafdb_dinol,dinov2-l14,leace2attr,1024,1024,4096,0,,A_kept,knn,k=50,1.0,1.0,0.774074074074074,0.6016483738429155,1.29022216796875
rafdb_dinol,dinov2-l14,leace2attr,1024,1024,4096,0,,B_gender,lr,wd=1e-05,0.5655004774720028,0.5665320814167952,0.5611711397699547,0.5628302642113692,0.4234778881072998
rafdb_dinol,dinov2-l14,leace2attr,1024,1024,4096,0,,B_gender,lr,wd=0.001,0.5395433631391614,0.5403694417525617,0.524224468455908,0.5250719093793553,0.23900103569030762
rafdb_dinol,dinov2-l14,leace2attr,1024,1024,4096,0,,B_gender,lr,wd=0.1,0.5456202795381544,0.5472081233567535,0.5367723945625653,0.5387500123555635,0.23202800750732422
rafdb_dinol,dinov2-l14,leace2attr,1024,1024,4096,0,,B_gender,mlp,"h=256,seed=0",1.0,1.0,0.8922969675845243,0.8908778874951814,1.5232398509979248
rafdb_dinol,dinov2-l14,leace2attr,1024,1024,4096,0,,B_gender,mlp,"h=256,seed=1",1.0,1.0,0.8922969675845243,0.8906945309333887,1.4850807189941406
rafdb_dinol,dinov2-l14,leace2attr,1024,1024,4096,0,,B_gender,mlp,"h=1024,seed=0",1.0,1.0,0.8950853956082259,0.893805414702132,3.2021217346191406
rafdb_dinol,dinov2-l14,leace2attr,1024,1024,4096,0,,B_gender,mlp,"h=1024,seed=1",1.0,1.0,0.8968281631230394,0.8954403028595717,3.2076334953308105
rafdb_dinol,dinov2-l14,leace2attr,1024,1024,4096,0,,B_gender,rff,gamma x0.5,0.8604045490059901,0.8607246489268237,0.8351341930986407,0.8353099763761627,1.5035953521728516
rafdb_dinol,dinov2-l14,leace2attr,1024,1024,4096,0,,B_gender,rff,gamma x2.0,0.8795034291171109,0.8803743587722441,0.8020216103171837,0.8009466832725439,0.43399691581726074
rafdb_dinol,dinov2-l14,leace2attr,1024,1024,4096,0,,B_gender,tree,"depth=None,it=100",0.971438492924733,0.971526800708587,0.8567445102823283,0.8550875268115727,84.07616257667542
rafdb_dinol,dinov2-l14,leace2attr,1024,1024,4096,0,,B_gender,tree,"depth=6,it=100",0.9650143241600834,0.9650494557983786,0.8522133147438131,0.848691545829256,82.0954315662384
rafdb_dinol,dinov2-l14,leace2attr,1024,1024,4096,0,,B_gender,knn,k=15,1.0,1.0,0.8243290345067968,0.8117152981644575,1.770233154296875
rafdb_dinol,dinov2-l14,leace2attr,1024,1024,4096,0,,B_gender,knn,k=50,1.0,1.0,0.8180550714534681,0.8024009330921528,1.8061575889587402
rafdb_dinol,dinov2-l14,leace2attr,1024,1024,4096,0,,B_race,lr,wd=1e-05,0.43720968136256216,0.4567238167163674,0.423728813559322,0.4213396124886148,0.5096950531005859
rafdb_dinol,dinov2-l14,leace2attr,1024,1024,4096,0,,B_race,lr,wd=0.001,0.4357428082470866,0.45523483162384437,0.42340286831812257,0.4288844146166655,0.2238762378692627
rafdb_dinol,dinov2-l14,leace2attr,1024,1024,4096,0,,B_race,lr,wd=0.1,0.4316681607040991,0.4480989649398719,0.41851368970013036,0.4294993974778711,0.21999859809875488
rafdb_dinol,dinov2-l14,leace2attr,1024,1024,4096,0,,B_race,mlp,"h=256,seed=0",1.0,1.0,0.8569100391134289,0.7413915816075859,1.5228159427642822
rafdb_dinol,dinov2-l14,leace2attr,1024,1024,4096,0,,B_race,mlp,"h=256,seed=1",1.0,1.0,0.8591916558018253,0.7357941762820351,1.4920992851257324
rafdb_dinol,dinov2-l14,leace2attr,1024,1024,4096,0,,B_race,mlp,"h=1024,seed=0",1.0,1.0,0.8670143415906127,0.7395593082719745,3.37155818939209
rafdb_dinol,dinov2-l14,leace2attr,1024,1024,4096,0,,B_race,mlp,"h=1024,seed=1",1.0,1.0,0.8640808344198174,0.7403100645661628,3.378087043762207
rafdb_dinol,dinov2-l14,leace2attr,1024,1024,4096,0,,B_race,rff,gamma x0.5,0.7521799364354983,0.7766556237261479,0.7056714471968709,0.679628428717623,1.3997893333435059
rafdb_dinol,dinov2-l14,leace2attr,1024,1024,4096,0,,B_race,rff,gamma x2.0,0.8072691712166897,0.863991106288406,0.6838331160365059,0.6404792768689723,0.44699954986572266
rafdb_dinol,dinov2-l14,leace2attr,1024,1024,4096,0,,B_race,tree,"depth=None,it=51",0.9626762285062342,0.9398290937762318,0.8067144719687093,0.6000281948999424,88.91826915740967
rafdb_dinol,dinov2-l14,leace2attr,1024,1024,4096,0,,B_race,tree,"depth=6,it=68",0.9618612989976367,0.9369579580237174,0.8142112125162972,0.6089587162581078,88.2611870765686
rafdb_dinol,dinov2-l14,leace2attr,1024,1024,4096,0,,B_race,knn,k=15,1.0,1.0,0.8259452411994785,0.5471062081385164,1.9649872779846191
rafdb_dinol,dinov2-l14,leace2attr,1024,1024,4096,0,,B_race,knn,k=50,1.0,1.0,0.8028031290743155,0.4621713583487481,1.9534120559692383
rafdb_dinol,dinov2-l14,leace2attr,1024,1024,4096,0,,B_age,lr,wd=1e-05,0.7653003015239181,0.8278136981563324,0.6509126466753585,0.6850182243228099,0.44528985023498535
rafdb_dinol,dinov2-l14,leace2attr,1024,1024,4096,0,,B_age,lr,wd=0.001,0.7653003015239181,0.8278872416412508,0.6509126466753585,0.6850182243228099,0.20873713493347168
rafdb_dinol,dinov2-l14,leace2attr,1024,1024,4096,0,,B_age,lr,wd=0.1,0.7647298508678999,0.8263869416229559,0.6528683181225554,0.6860183154145201,0.22102785110473633
rafdb_dinol,dinov2-l14,leace2attr,1024,1024,4096,0,,B_age,mlp,"h=256,seed=0",1.0,1.0,0.7764015645371578,0.7167070826458934,1.550649881362915
rafdb_dinol,dinov2-l14,leace2attr,1024,1024,4096,0,,B_age,mlp,"h=256,seed=1",1.0,1.0,0.7744458930899609,0.7243841338182433,1.5030372142791748
rafdb_dinol,dinov2-l14,leace2attr,1024,1024,4096,0,,B_age,mlp,"h=1024,seed=0",1.0,1.0,0.7822685788787483,0.7258782298001807,3.4096732139587402
rafdb_dinol,dinov2-l14,leace2attr,1024,1024,4096,0,,B_age,mlp,"h=1024,seed=1",1.0,1.0,0.7767275097783573,0.7215025946487982,3.3854217529296875
rafdb_dinol,dinov2-l14,leace2attr,1024,1024,4096,0,,B_age,rff,gamma x0.5,0.7874663841577704,0.8353306157134753,0.7304432855280313,0.7413662247646232,2.1401894092559814
rafdb_dinol,dinov2-l14,leace2attr,1024,1024,4096,0,,B_age,rff,gamma x2.0,0.8227528318800423,0.8784912272539265,0.7134941329856584,0.7040287097762793,0.4548797607421875
rafdb_dinol,dinov2-l14,leace2attr,1024,1024,4096,0,,B_age,tree,"depth=None,it=43",0.9370874419362725,0.93960751732145,0.7545632333767927,0.6821552591779898,93.42648696899414
rafdb_dinol,dinov2-l14,leace2attr,1024,1024,4096,0,,B_age,tree,"depth=6,it=41",0.9229076684866759,0.9300503882877116,0.7519556714471969,0.6972088318807039,88.97395777702332
rafdb_dinol,dinov2-l14,leace2attr,1024,1024,4096,0,,B_age,knn,k=15,1.0,1.0,0.7522816166883963,0.6308276417562542,1.957012414932251
rafdb_dinol,dinov2-l14,leace2attr,1024,1024,4096,0,,B_age,knn,k=50,1.0,1.0,0.7460886571056062,0.6092313603182633,2.0236756801605225
rafdb_dinol,dinov2-l14,leace2attr,1024,1024,4096,0,,Aprime_heldout,lr,wd=1e-05,0.9955539088551315,0.9969727547931382,0.8369905956112853,0.8038964435146444,0.36355042457580566
rafdb_dinol,dinov2-l14,leace2attr,1024,1024,4096,0,,Aprime_heldout,lr,wd=0.001,0.9955539088551315,0.9969727547931382,0.8369905956112853,0.8038964435146444,0.19700026512145996
rafdb_dinol,dinov2-l14,leace2attr,1024,1024,4096,0,,Aprime_heldout,lr,wd=0.1,0.9929603556872916,0.9952068617558022,0.8401253918495298,0.8080674686192468,0.19702649116516113
rafdb_dinol,dinov2-l14,leace2attr,1024,1024,4096,0,,Aprime_heldout,mlp,"h=256,seed=0",1.0,1.0,0.8620689655172413,0.8164748953974895,0.5645880699157715
rafdb_dinol,dinov2-l14,leace2attr,1024,1024,4096,0,,Aprime_heldout,mlp,"h=256,seed=1",1.0,1.0,0.8573667711598746,0.8112578451882846,0.5333271026611328
rafdb_dinol,dinov2-l14,leace2attr,1024,1024,4096,0,,Aprime_heldout,mlp,"h=1024,seed=0",1.0,1.0,0.8652037617554859,0.820645920502092,0.8441393375396729
rafdb_dinol,dinov2-l14,leace2attr,1024,1024,4096,0,,Aprime_heldout,mlp,"h=1024,seed=1",1.0,1.0,0.8667711598746082,0.8196129707112971,0.8480088710784912
rafdb_dinol,dinov2-l14,leace2attr,1024,1024,4096,0,,Aprime_heldout,rff,gamma x0.5,0.9214523897739904,0.934056438208873,0.829153605015674,0.8090611924686193,1.053532361984253
rafdb_dinol,dinov2-l14,leace2attr,1024,1024,4096,0,,Aprime_heldout,rff,gamma x2.0,0.9755464987032234,0.9829050717264305,0.8103448275862069,0.7611663179916318,0.24599885940551758
rafdb_dinol,dinov2-l14,leace2attr,1024,1024,4096,0,,Aprime_heldout,tree,"depth=None,it=30",0.9596146721007781,0.9529190187278251,0.8119122257053292,0.7414225941422594,67.95380997657776
rafdb_dinol,dinov2-l14,leace2attr,1024,1024,4096,0,,Aprime_heldout,tree,"depth=6,it=36",0.9636902556502408,0.9534685953216324,0.822884012539185,0.7487447698744769,68.08082056045532
rafdb_dinol,dinov2-l14,leace2attr,1024,1024,4096,0,,Aprime_heldout,knn,k=15,1.0,1.0,0.8103448275862069,0.6717703974895397,0.20194029808044434
rafdb_dinol,dinov2-l14,leace2attr,1024,1024,4096,0,,Aprime_heldout,knn,k=50,1.0,1.0,0.7931034482758621,0.6311584728033472,0.15999841690063477
rafdb_dinol,dinov2-l14,raw_U,1024,1024,4096,1,,A_kept,lr,wd=1e-05,0.9710614291684079,0.9849065189184769,0.839917695473251,0.7679813924147822,0.4768953323364258
rafdb_dinol,dinov2-l14,raw_U,1024,1024,4096,1,,A_kept,lr,wd=0.001,0.9711659005432511,0.984985758221171,0.839917695473251,0.7679813924147822,0.16569066047668457
rafdb_dinol,dinov2-l14,raw_U,1024,1024,4096,1,,A_kept,lr,wd=0.1,0.9680317592979524,0.9832058296096056,0.8419753086419753,0.7705186771913377,0.18397021293640137
rafdb_dinol,dinov2-l14,raw_U,1024,1024,4096,1,,A_kept,mlp,"h=256,seed=0",1.0,1.0,0.8765432098765432,0.7845443965134982,1.2876067161560059
rafdb_dinol,dinov2-l14,raw_U,1024,1024,4096,1,,A_kept,mlp,"h=256,seed=1",1.0,1.0,0.8744855967078189,0.7811665883255634,1.2048468589782715
rafdb_dinol,dinov2-l14,raw_U,1024,1024,4096,1,,A_kept,mlp,"h=1024,seed=0",1.0,1.0,0.8794238683127572,0.781373284224739,2.6663248538970947
rafdb_dinol,dinov2-l14,raw_U,1024,1024,4096,1,,A_kept,mlp,"h=1024,seed=1",1.0,1.0,0.8769547325102881,0.7823922410008658,2.674952745437622
rafdb_dinol,dinov2-l14,raw_U,1024,1024,4096,1,,A_kept,rff,gamma x0.5,0.88769327204346,0.8902868484826687,0.8530864197530864,0.7893475242158459,1.1768712997436523
rafdb_dinol,dinov2-l14,raw_U,1024,1024,4096,1,,A_kept,rff,gamma x2.0,0.9167363142498955,0.942772722474345,0.8345679012345679,0.7503753579273085,0.3490149974822998
rafdb_dinol,dinov2-l14,raw_U,1024,1024,4096,1,,A_kept,tree,"depth=None,it=37",0.9611366485582951,0.9465138762929068,0.837037037037037,0.7086147581063694,89.87292766571045
rafdb_dinol,dinov2-l14,raw_U,1024,1024,4096,1,,A_kept,tree,"depth=6,it=34",0.9555996656916005,0.9452644727330585,0.8242798353909465,0.6900740376759187,84.53589463233948
rafdb_dinol,dinov2-l14,raw_U,1024,1024,4096,1,,A_kept,knn,k=15,1.0,1.0,0.7884773662551441,0.6267059735971561,1.636423110961914
rafdb_dinol,dinov2-l14,raw_U,1024,1024,4096,1,,A_kept,knn,k=50,1.0,1.0,0.7810699588477367,0.6073599359332054,1.53535795211792
rafdb_dinol,dinov2-l14,raw_U,1024,1024,4096,1,,B_gender,lr,wd=1e-05,0.9301154614115809,0.9307918873417762,0.8978738236319275,0.8978330812798387,0.3533287048339844
rafdb_dinol,dinov2-l14,raw_U,1024,1024,4096,1,,B_gender,lr,wd=0.001,0.9298550221373383,0.9303165867115529,0.8975252701289648,0.8972494044618411,0.17999839782714844
rafdb_dinol,dinov2-l14,raw_U,1024,1024,4096,1,,B_gender,lr,wd=0.1,0.9304627137772377,0.9307512759687595,0.8985709306378529,0.8983586869495597,0.17803025245666504
rafdb_dinol,dinov2-l14,raw_U,1024,1024,4096,1,,B_gender,mlp,"h=256,seed=0",1.0,1.0,0.9034506796793308,0.9009377872668505,1.477548360824585
rafdb_dinol,dinov2-l14,raw_U,1024,1024,4096,1,,B_gender,mlp,"h=256,seed=1",1.0,1.0,0.9024050191704427,0.8998285047791319,1.4332592487335205
rafdb_dinol,dinov2-l14,raw_U,1024,1024,4096,1,,B_gender,mlp,"h=1024,seed=0",1.0,1.0,0.9044963401882189,0.902047069754569,3.1842713356018066
rafdb_dinol,dinov2-l14,raw_U,1024,1024,4096,1,,B_gender,mlp,"h=1024,seed=1",1.0,1.0,0.905542000697107,0.9031563522422876,3.19775390625
rafdb_dinol,dinov2-l14,raw_U,1024,1024,4096,1,,B_gender,rff,gamma x0.5,0.9104088896605608,0.9115463083093698,0.9027535726734054,0.9039876345520861,1.2908644676208496
rafdb_dinol,dinov2-l14,raw_U,1024,1024,4096,1,,B_gender,rff,gamma x2.0,0.9255143675666291,0.9261120337739057,0.8919484140815616,0.8918527414524212,0.4047887325286865
rafdb_dinol,dinov2-l14,raw_U,1024,1024,4096,1,,B_gender,tree,"depth=None,it=78",0.9717857452903897,0.9717575722994651,0.8940397350993378,0.8950797675177179,84.77568316459656
rafdb_dinol,dinov2-l14,raw_U,1024,1024,4096,1,,B_gender,tree,"depth=6,it=82",0.9703099227363486,0.9702648660836132,0.8919484140815616,0.8915777066097322,82.70779418945312
rafdb_dinol,dinov2-l14,raw_U,1024,1024,4096,1,,B_gender,knn,k=15,1.0,1.0,0.8818403624956431,0.8753845051349722,2.1265194416046143
rafdb_dinol,dinov2-l14,raw_U,1024,1024,4096,1,,B_gender,knn,k=50,1.0,1.0,0.8811432554897177,0.8735754035327028,2.0977654457092285
rafdb_dinol,dinov2-l14,raw_U,1024,1024,4096,1,,B_race,lr,wd=1e-05,0.8767011653491973,0.9134328740322036,0.8028031290743155,0.7787998363146773,0.43956661224365234
rafdb_dinol,dinov2-l14,raw_U,1024,1024,4096,1,,B_race,lr,wd=0.001,0.8767011653491973,0.9134328740322036,0.8028031290743155,0.7787998363146773,0.16499948501586914
rafdb_dinol,dinov2-l14,raw_U,1024,1024,4096,1,,B_race,lr,wd=0.1,0.8753972781354413,0.9124172542132403,0.8018252933507171,0.7809399209728394,0.16661596298217773
rafdb_dinol,dinov2-l14,raw_U,1024,1024,4096,1,,B_race,mlp,"h=256,seed=0",1.0,1.0,0.8673402868318123,0.7550839843943612,1.4395959377288818
rafdb_dinol,dinov2-l14,raw_U,1024,1024,4096,1,,B_race,mlp,"h=256,seed=1",1.0,1.0,0.8683181225554107,0.7523955522494535,1.4280116558074951
rafdb_dinol,dinov2-l14,raw_U,1024,1024,4096,1,,B_race,mlp,"h=1024,seed=0",1.0,1.0,0.8741851368970013,0.7639169612890324,3.352616548538208
rafdb_dinol,dinov2-l14,raw_U,1024,1024,4096,1,,B_race,mlp,"h=1024,seed=1",1.0,1.0,0.872555410691004,0.7633940659110338,3.3634181022644043
rafdb_dinol,dinov2-l14,raw_U,1024,1024,4096,1,,B_race,rff,gamma x0.5,0.8564909135359792,0.8593133353741687,0.8389830508474576,0.8196146655359202,0.8738670349121094
rafdb_dinol,dinov2-l14,raw_U,1024,1024,4096,1,,B_race,rff,gamma x2.0,0.8824871648602396,0.9072937191784057,0.8210560625814863,0.77959176082084,0.4046792984008789
rafdb_dinol,dinov2-l14,raw_U,1024,1024,4096,1,,B_race,tree,"depth=None,it=34",0.9449107652188086,0.9482395677147961,0.8585397653194263,0.7805334286295209,87.4305739402771
rafdb_dinol,dinov2-l14,raw_U,1024,1024,4096,1,,B_race,tree,"depth=6,it=35",0.9444218075136501,0.9481824606483974,0.85625814863103,0.7713060099093795,85.09843730926514
rafdb_dinol,dinov2-l14,raw_U,1024,1024,4096,1,,B_race,knn,k=15,1.0,1.0,0.8526727509778357,0.6326900057874851,2.406581163406372
rafdb_dinol,dinov2-l14,raw_U,1024,1024,4096,1,,B_race,knn,k=50,1.0,1.0,0.8393089960886571,0.5772618123884005,2.475208282470703
rafdb_dinol,dinov2-l14,raw_U,1024,1024,4096,1,,B_age,lr,wd=1e-05,0.8407627740200473,0.8968759865041257,0.711212516297262,0.7194735561418242,0.3926117420196533
rafdb_dinol,dinov2-l14,raw_U,1024,1024,4096,1,,B_age,lr,wd=0.001,0.8405997881183278,0.8968147401406286,0.711212516297262,0.7194735561418242,0.18200016021728516
rafdb_dinol,dinov2-l14,raw_U,1024,1024,4096,1,,B_age,lr,wd=0.1,0.8378290277890963,0.892855477172138,0.7157757496740548,0.7272606701407466,0.1770002841949463
rafdb_dinol,dinov2-l14,raw_U,1024,1024,4096,1,,B_age,mlp,"h=256,seed=0",1.0,1.0,0.7832464146023468,0.7295600617517842,1.4612910747528076
rafdb_dinol,dinov2-l14,raw_U,1024,1024,4096,1,,B_age,mlp,"h=256,seed=1",1.0,1.0,0.7728161668839635,0.7151962392928176,1.421398401260376
rafdb_dinol,dinov2-l14,raw_U,1024,1024,4096,1,,B_age,mlp,"h=1024,seed=0",1.0,1.0,0.7790091264667536,0.7224177250643988,3.362859010696411
rafdb_dinol,dinov2-l14,raw_U,1024,1024,4096,1,,B_age,mlp,"h=1024,seed=1",1.0,1.0,0.779335071707953,0.7221283124123195,3.3719236850738525
rafdb_dinol,dinov2-l14,raw_U,1024,1024,4096,1,,B_age,rff,gamma x0.5,0.7903186374378616,0.835926805803053,0.7529335071707953,0.7814341990626876,1.2590131759643555
rafdb_dinol,dinov2-l14,raw_U,1024,1024,4096,1,,B_age,rff,gamma x2.0,0.8231602966343411,0.8753755472041469,0.7317470664928292,0.7397895211678785,0.4372594356536865
rafdb_dinol,dinov2-l14,raw_U,1024,1024,4096,1,,B_age,tree,"depth=None,it=33",0.9222557248797979,0.9390711781319663,0.7542372881355932,0.7042582872083527,91.28948140144348
rafdb_dinol,dinov2-l14,raw_U,1024,1024,4096,1,,B_age,tree,"depth=6,it=33",0.9084019232336403,0.928926741222123,0.749348109517601,0.7170950702215363,86.56626415252686
rafdb_dinol,dinov2-l14,raw_U,1024,1024,4096,1,,B_age,knn,k=15,1.0,1.0,0.7721642764015645,0.6480775800794436,2.3922970294952393
rafdb_dinol,dinov2-l14,raw_U,1024,1024,4096,1,,B_age,knn,k=50,1.0,1.0,0.766297262059974,0.6341212256030364,2.4338583946228027
rafdb_dinol,dinov2-l14,raw_U,1024,1024,4096,1,,Aprime_heldout,lr,wd=1e-05,0.991107817710263,0.9939455095862765,0.8369905956112853,0.8122123430962342,0.30608320236206055
rafdb_dinol,dinov2-l14,raw_U,1024,1024,4096,1,,Aprime_heldout,lr,wd=0.001,0.991107817710263,0.9939455095862765,0.8369905956112853,0.8122123430962342,0.1698920726776123
rafdb_dinol,dinov2-l14,raw_U,1024,1024,4096,1,,Aprime_heldout,lr,wd=0.1,0.9888847721378288,0.9924318869828457,0.8369905956112853,0.8122123430962342,0.1680004596710205
rafdb_dinol,dinov2-l14,raw_U,1024,1024,4096,1,,Aprime_heldout,mlp,"h=256,seed=0",1.0,1.0,0.8636363636363636,0.813362970711297,0.5129730701446533
rafdb_dinol,dinov2-l14,raw_U,1024,1024,4096,1,,Aprime_heldout,mlp,"h=256,seed=1",1.0,1.0,0.8573667711598746,0.809178870292887,0.48800015449523926
rafdb_dinol,dinov2-l14,raw_U,1024,1024,4096,1,,Aprime_heldout,mlp,"h=1024,seed=0",1.0,1.0,0.8636363636363636,0.817520920502092,0.8429927825927734
rafdb_dinol,dinov2-l14,raw_U,1024,1024,4096,1,,Aprime_heldout,mlp,"h=1024,seed=1",1.0,1.0,0.8605015673981191,0.811270920502092,0.845026969909668
rafdb_dinol,dinov2-l14,raw_U,1024,1024,4096,1,,Aprime_heldout,rff,gamma x0.5,0.9055205631715451,0.9151973761060141,0.829153605015674,0.8236140167364017,0.7908484935760498
rafdb_dinol,dinov2-l14,raw_U,1024,1024,4096,1,,Aprime_heldout,rff,gamma x2.0,0.9696183771767322,0.9779785855122884,0.8119122257053292,0.7684492677824268,0.2491159439086914
rafdb_dinol,dinov2-l14,raw_U,1024,1024,4096,1,,Aprime_heldout,tree,"depth=None,it=42",0.9751759911078177,0.9666299344026503,0.8134796238244514,0.7591004184100418,70.35478329658508
rafdb_dinol,dinov2-l14,raw_U,1024,1024,4096,1,,Aprime_heldout,tree,"depth=6,it=40",0.9699888847721378,0.9622079890563187,0.8119122257053292,0.7559754184100418,68.20715737342834
rafdb_dinol,dinov2-l14,raw_U,1024,1024,4096,1,,Aprime_heldout,knn,k=15,1.0,1.0,0.822884012539185,0.7279550209205021,0.31200265884399414
rafdb_dinol,dinov2-l14,raw_U,1024,1024,4096,1,,Aprime_heldout,knn,k=50,1.0,1.0,0.8213166144200627,0.7185930962343097,0.22999882698059082
rafdb_dinol,dinov2-l14,lda_shrink,1024,4,16,1,,A_kept,lr,wd=1e-05,0.9055578771416631,0.8770777630669567,0.8465020576131688,0.7796105310797463,0.2293243408203125
rafdb_dinol,dinov2-l14,lda_shrink,1024,4,16,1,,A_kept,lr,wd=0.001,0.9055578771416631,0.8770777630669567,0.8465020576131688,0.7796105310797463,0.19599008560180664
rafdb_dinol,dinov2-l14,lda_shrink,1024,4,16,1,,A_kept,lr,wd=0.1,0.9059757626410364,0.8766309185903755,0.8477366255144033,0.7808066691094263,0.1959989070892334
rafdb_dinol,dinov2-l14,lda_shrink,1024,4,16,1,,A_kept,mlp,"h=256,seed=0",0.9012745507730882,0.886259167389522,0.8358024691358025,0.782171057383797,1.260387897491455
rafdb_dinol,dinov2-l14,lda_shrink,1024,4,16,1,,A_kept,mlp,"h=256,seed=1",0.8992895946510656,0.8828075597346141,0.8403292181069959,0.7858463416639513,1.2079997062683105
rafdb_dinol,dinov2-l14,lda_shrink,1024,4,16,1,,A_kept,mlp,"h=1024,seed=0",0.9053489343919766,0.8926360705881168,0.8403292181069959,0.7866868650753307,1.2268621921539307
rafdb_dinol,dinov2-l14,lda_shrink,1024,4,16,1,,A_kept,mlp,"h=1024,seed=1",0.9036773923944839,0.8915012513792993,0.8395061728395061,0.7870391212484705,1.2295095920562744
rafdb_dinol,dinov2-l14,lda_shrink,1024,4,16,1,,A_kept,rff,gamma x0.5,0.8999164229001254,0.8818053863378225,0.8403292181069959,0.7830871472140094,0.2875056266784668
rafdb_dinol,dinov2-l14,lda_shrink,1024,4,16,1,,A_kept,rff,gamma x2.0,0.9045131633932303,0.8932265617132963,0.8366255144032921,0.7724605579725377,0.28600192070007324
rafdb_dinol,dinov2-l14,lda_shrink,1024,4,16,1,,A_kept,tree,"depth=None,it=30",0.9393021312160468,0.9469564046115544,0.8588477366255144,0.7832066336419351,0.5007283687591553
rafdb_dinol,dinov2-l14,lda_shrink,1024,4,16,1,,A_kept,tree,"depth=6,it=30",0.9263476807354785,0.9305202823032124,0.8526748971193415,0.7823569399064084,0.5595095157623291
rafdb_dinol,dinov2-l14,lda_shrink,1024,4,16,1,,A_kept,knn,k=15,1.0,1.0,0.8711934156378601,0.7711110775138595,0.13307547569274902
rafdb_dinol,dinov2-l14,lda_shrink,1024,4,16,1,,A_kept,knn,k=50,1.0,1.0,0.8753086419753087,0.7692623083287838,0.18803811073303223
rafdb_dinol,dinov2-l14,lda_shrink,1024,4,16,1,,B_gender,lr,wd=1e-05,0.570275197499783,0.5593247924223912,0.5639595677936563,0.554389684587176,0.1805434226989746
rafdb_dinol,dinov2-l14,lda_shrink,1024,4,16,1,,B_gender,lr,wd=0.001,0.570275197499783,0.5593247924223912,0.5639595677936563,0.554389684587176,0.19199919700622559
rafdb_dinol,dinov2-l14,lda_shrink,1024,4,16,1,,B_gender,lr,wd=0.1,0.5701883844083688,0.5592239249622338,0.564308121296619,0.5546983265624845,0.19900727272033691
rafdb_dinol,dinov2-l14,lda_shrink,1024,4,16,1,,B_gender,mlp,"h=256,seed=0",0.5956246201927251,0.588876775502482,0.5751132798884628,0.5725172730777215,1.4517338275909424
rafdb_dinol,dinov2-l14,lda_shrink,1024,4,16,1,,B_gender,mlp,"h=256,seed=1",0.6005729664033336,0.5920110758066461,0.5719762983617985,0.5673558599966393,1.4558281898498535
rafdb_dinol,dinov2-l14,lda_shrink,1024,4,16,1,,B_gender,mlp,"h=1024,seed=0",0.6222762392568799,0.6067920323253002,0.5768560474032765,0.5649843331455288,1.4630708694458008
rafdb_dinol,dinov2-l14,lda_shrink,1024,4,16,1,,B_gender,mlp,"h=1024,seed=1",0.6249674450907197,0.6006919028177529,0.5747647263855001,0.5541480097658373,1.4811267852783203
rafdb_dinol,dinov2-l14,lda_shrink,1024,4,16,1,,B_gender,rff,gamma x0.5,0.5839916659432243,0.571240449025902,0.5845242244684559,0.5746164833101048,0.33838415145874023
rafdb_dinol,dinov2-l14,lda_shrink,1024,4,16,1,,B_gender,rff,gamma x2.0,0.5978817605694938,0.5883167474354425,0.5590798187521785,0.5530024019215372,0.3327341079711914
rafdb_dinol,dinov2-l14,lda_shrink,1024,4,16,1,,B_gender,tree,"depth=None,it=30",0.6568278496397256,0.6487136063225114,0.5831300104566051,0.5740236633751445,0.31787967681884766
rafdb_dinol,dinov2-l14,lda_shrink,1024,4,16,1,,B_gender,tree,"depth=6,it=37",0.6451948953902249,0.6366282950165081,0.5806901359358662,0.5731466654805326,0.37000155448913574
rafdb_dinol,dinov2-l14,lda_shrink,1024,4,16,1,,B_gender,knn,k=15,1.0,1.0,0.5779017079121646,0.5547255088021035,0.14903020858764648
rafdb_dinol,dinov2-l14,lda_shrink,1024,4,16,1,,B_gender,knn,k=50,1.0,1.0,0.5845242244684559,0.5497716691872017,0.23488426208496094
rafdb_dinol,dinov2-l14,lda_shrink,1024,4,16,1,,B_race,lr,wd=1e-05,0.3786977426452612,0.3822266313205474,0.36310299869621904,0.34441295653915627,0.1815052032470703
rafdb_dinol,dinov2-l14,lda_shrink,1024,4,16,1,,B_race,lr,wd=0.001,0.3786977426452612,0.3822266313205474,0.36310299869621904,0.34441295653915627,0.19500041007995605
rafdb_dinol,dinov2-l14,lda_shrink,1024,4,16,1,,B_race,lr,wd=0.1,0.37894222149784046,0.38233311625292954,0.36310299869621904,0.34441295653915627,0.20400142669677734
rafdb_dinol,dinov2-l14,lda_shrink,1024,4,16,1,,B_race,mlp,"h=256,seed=0",0.45261184907505503,0.43990276512453247,0.42209908735332463,0.3915585565484776,1.44376540184021
rafdb_dinol,dinov2-l14,lda_shrink,1024,4,16,1,,B_race,mlp,"h=256,seed=1",0.4395729769374949,0.44811661408374004,0.3983050847457627,0.3843512968769566,1.419114351272583
rafdb_dinol,dinov2-l14,lda_shrink,1024,4,16,1,,B_race,mlp,"h=1024,seed=0",0.352294026566702,0.4765192881056426,0.3116036505867014,0.39817179192653085,1.4533872604370117
rafdb_dinol,dinov2-l14,lda_shrink,1024,4,16,1,,B_race,mlp,"h=1024,seed=1",0.4209925841414718,0.4742327653040877,0.3767926988265971,0.3842474373700679,1.4637172222137451
rafdb_dinol,dinov2-l14,lda_shrink,1024,4,16,1,,B_race,rff,gamma x0.5,0.3864395729769375,0.4070486738530108,0.3683181225554107,0.3825975927671783,0.3420288562774658
rafdb_dinol,dinov2-l14,lda_shrink,1024,4,16,1,,B_race,rff,gamma x2.0,0.41805883791052073,0.45514351205222026,0.3849413298565841,0.39223713392892096,0.36150455474853516
rafdb_dinol,dinov2-l14,lda_shrink,1024,4,16,1,,B_race,tree,"depth=None,it=18",0.5041968869692771,0.606184777572342,0.3953715775749674,0.363991337295944,0.370189905166626
rafdb_dinol,dinov2-l14,lda_shrink,1024,4,16,1,,B_race,tree,"depth=6,it=15",0.4557085812077255,0.5305592499674989,0.39015645371577573,0.37251344695910377,0.39306116104125977
rafdb_dinol,dinov2-l14,lda_shrink,1024,4,16,1,,B_race,knn,k=15,1.0,1.0,0.7594524119947849,0.3320009193920388,0.15857529640197754
rafdb_dinol,dinov2-l14,lda_shrink,1024,4,16,1,,B_race,knn,k=50,1.0,1.0,0.766297262059974,0.3333333333333333,0.24324631690979004
rafdb_dinol,dinov2-l14,lda_shrink,1024,4,16,1,,B_age,lr,wd=1e-05,0.28367696194279196,0.30272087184641727,0.2926988265971317,0.32978976868526355,0.18099474906921387
rafdb_dinol,dinov2-l14,lda_shrink,1024,4,16,1,,B_age,lr,wd=0.001,0.28367696194279196,0.30272087184641727,0.2926988265971317,0.32978976868526355,0.18801426887512207
rafdb_dinol,dinov2-l14,lda_shrink,1024,4,16,1,,B_age,lr,wd=0.1,0.28335099013935294,0.30252483563450483,0.29172099087353326,0.328872618992818,0.1990036964416504
rafdb_dinol,dinov2-l14,lda_shrink,1024,4,16,1,,B_age,mlp,"h=256,seed=0",0.3420259147583734,0.3823374948104724,0.3288787483702738,0.3472981116375885,1.4631619453430176
rafdb_dinol,dinov2-l14,lda_shrink,1024,4,16,1,,B_age,mlp,"h=256,seed=1",0.34194442180751367,0.37932904596813255,0.3318122555410691,0.35705870798307227,1.4285764694213867
rafdb_dinol,dinov2-l14,lda_shrink,1024,4,16,1,,B_age,mlp,"h=1024,seed=0",0.3651699128025426,0.40558640387596334,0.3471316818774446,0.35025160416049544,1.4543030261993408
rafdb_dinol,dinov2-l14,lda_shrink,1024,4,16,1,,B_age,mlp,"h=1024,seed=1",0.34194442180751367,0.4046288350194919,0.3138852672750978,0.33975275132214766,1.454524278640747
rafdb_dinol,dinov2-l14,lda_shrink,1024,4,16,1,,B_age,rff,gamma x0.5,0.3369733518050689,0.37524217798164256,0.32529335071707954,0.34047758241633785,0.3530149459838867
rafdb_dinol,dinov2-l14,lda_shrink,1024,4,16,1,,B_age,rff,gamma x2.0,0.3505011816477875,0.400358349246984,0.31877444589308995,0.3410770086064975,0.35182619094848633
rafdb_dinol,dinov2-l14,lda_shrink,1024,4,16,1,,B_age,tree,"depth=None,it=22",0.4485372015320675,0.5429739047063423,0.3536505867014342,0.32470727875450967,0.4931802749633789
rafdb_dinol,dinov2-l14,lda_shrink,1024,4,16,1,,B_age,tree,"depth=6,it=21",0.4161845000407465,0.4923911516644031,0.3471316818774446,0.34703782352808804,0.49171948432922363
rafdb_dinol,dinov2-l14,lda_shrink,1024,4,16,1,,B_age,knn,k=15,1.0,1.0,0.5153194263363755,0.24853730308239688,0.1699981689453125
rafdb_dinol,dinov2-l14,lda_shrink,1024,4,16,1,,B_age,knn,k=50,1.0,1.0,0.5436766623207301,0.24692487417181574,0.25974392890930176
rafdb_dinol,dinov2-l14,lda_shrink,1024,4,16,1,,Aprime_heldout,lr,wd=1e-05,0.5857725083364209,0.5773164899718104,0.6065830721003135,0.5794456066945607,0.1780233383178711
rafdb_dinol,dinov2-l14,lda_shrink,1024,4,16,1,,Aprime_heldout,lr,wd=0.001,0.5857725083364209,0.5773164899718104,0.6065830721003135,0.5794456066945607,0.16000032424926758
rafdb_dinol,dinov2-l14,lda_shrink,1024,4,16,1,,Aprime_heldout,lr,wd=0.1,0.5857725083364209,0.5768714103359807,0.6065830721003135,0.5794456066945607,0.1702103614807129
rafdb_dinol,dinov2-l14,lda_shrink,1024,4,16,1,,Aprime_heldout,mlp,"h=256,seed=0",0.6609855502037791,0.6538969272968572,0.6489028213166145,0.6284780334728033,0.4938960075378418
rafdb_dinol,dinov2-l14,lda_shrink,1024,4,16,1,,Aprime_heldout,mlp,"h=256,seed=1",0.6280103742126714,0.6470226459333444,0.6206896551724138,0.634597280334728,0.4863882064819336
rafdb_dinol,dinov2-l14,lda_shrink,1024,4,16,1,,Aprime_heldout,mlp,"h=1024,seed=0",0.6872915894775843,0.6789294022774004,0.6394984326018809,0.6180439330543932,0.4889822006225586
rafdb_dinol,dinov2-l14,lda_shrink,1024,4,16,1,,Aprime_heldout,mlp,"h=1024,seed=1",0.6424601704334939,0.6840110506412665,0.5830721003134797,0.6219665271966527,0.49059224128723145
rafdb_dinol,dinov2-l14,lda_shrink,1024,4,16,1,,Aprime_heldout,rff,gamma x0.5,0.6061504260837347,0.6303583717896213,0.603448275862069,0.6251699790794979,0.1770000457763672
rafdb_dinol,dinov2-l14,lda_shrink,1024,4,16,1,,Aprime_heldout,rff,gamma x2.0,0.6554279362726936,0.6719217729439432,0.6253918495297806,0.6211035564853556,0.1784954071044922
rafdb_dinol,dinov2-l14,lda_shrink,1024,4,16,1,,Aprime_heldout,tree,"depth=None,it=12",0.7236013338273435,0.7334722404007055,0.6504702194357367,0.617050209205021,0.2589876651763916
rafdb_dinol,dinov2-l14,lda_shrink,1024,4,16,1,,Aprime_heldout,tree,"depth=6,it=12",0.6235642830678029,0.668029701061295,0.6018808777429467,0.6324398535564854,0.27902722358703613
rafdb_dinol,dinov2-l14,lda_shrink,1024,4,16,1,,Aprime_heldout,knn,k=15,1.0,1.0,0.7178683385579937,0.5061061715481171,0.0279996395111084
rafdb_dinol,dinov2-l14,lda_shrink,1024,4,16,1,,Aprime_heldout,knn,k=50,1.0,1.0,0.7601880877742947,0.5343488493723849,0.05099844932556152
rafdb_dinol,dinov2-l14,vib_b1,1024,4,16,1,,A_kept,lr,wd=1e-05,0.929377350605934,0.9576973059419271,0.8353909465020576,0.7679821517209762,0.16397547721862793
rafdb_dinol,dinov2-l14,vib_b1,1024,4,16,1,,A_kept,lr,wd=0.001,0.9294818219807772,0.9577765452446213,0.8353909465020576,0.7679821517209762,0.15807008743286133
rafdb_dinol,dinov2-l14,vib_b1,1024,4,16,1,,A_kept,lr,wd=0.1,0.9272879231090682,0.9567459553632934,0.8329218106995885,0.7657783606874508,0.16495561599731445
rafdb_dinol,dinov2-l14,vib_b1,1024,4,16,1,,A_kept,mlp,"h=256,seed=0",0.9468240702047639,0.9662711090907947,0.854320987654321,0.7671791673442472,1.178267478942871
rafdb_dinol,dinov2-l14,vib_b1,1024,4,16,1,,A_kept,mlp,"h=256,seed=1",0.9468240702047639,0.966345765399452,0.8534979423868313,0.7656504817959537,1.1982009410858154
rafdb_dinol,dinov2-l14,vib_b1,1024,4,16,1,,A_kept,mlp,"h=1024,seed=0",0.9487045549519432,0.9685633968590773,0.8530864197530864,0.762044111931788,1.1944787502288818
rafdb_dinol,dinov2-l14,vib_b1,1024,4,16,1,,A_kept,mlp,"h=1024,seed=1",0.9474508984538237,0.9677078449691472,0.8518518518518519,0.7611617589906116,1.1882641315460205
rafdb_dinol,dinov2-l14,vib_b1,1024,4,16,1,,A_kept,rff,gamma x0.5,0.9443167572085248,0.9644779208441061,0.8502057613168724,0.773094046423604,0.2782883644104004
rafdb_dinol,dinov2-l14,vib_b1,1024,4,16,1,,A_kept,rff,gamma x2.0,0.9470330129544505,0.966951612588644,0.854320987654321,0.7731874702612123,0.2863006591796875
rafdb_dinol,dinov2-l14,vib_b1,1024,4,16,1,,A_kept,tree,"depth=None,it=37",0.9699122440451317,0.9821150506535753,0.8522633744855967,0.7562154771710757,0.5542027950286865
rafdb_dinol,dinov2-l14,vib_b1,1024,4,16,1,,A_kept,tree,"depth=6,it=40",0.9613455913079816,0.9758110142579804,0.8497942386831275,0.7518537836334079,0.5536186695098877
rafdb_dinol,dinov2-l14,vib_b1,1024,4,16,1,,A_kept,knn,k=15,1.0,1.0,0.8522633744855967,0.7486749906912241,0.11869525909423828
rafdb_dinol,dinov2-l14,vib_b1,1024,4,16,1,,A_kept,knn,k=50,1.0,1.0,0.854320987654321,0.7459078684528482,0.187119722366333
rafdb_dinol,dinov2-l14,vib_b1,1024,4,16,1,,B_gender,lr,wd=1e-05,0.5360708394825939,0.5390485729852162,0.5399093760892297,0.5416194684142375,0.16701626777648926
rafdb_dinol,dinov2-l14,vib_b1,1024,4,16,1,,B_gender,lr,wd=0.001,0.5360708394825939,0.5390485729852162,0.5399093760892297,0.5416194684142375,0.16568446159362793
rafdb_dinol,dinov2-l14,vib_b1,1024,4,16,1,,B_gender,lr,wd=0.1,0.5359840263911798,0.5389477055250589,0.539560822586267,0.5412191481580326,0.16100263595581055
rafdb_dinol,dinov2-l14,vib_b1,1024,4,16,1,,B_gender,mlp,"h=256,seed=0",0.5971004427467662,0.5960438527815901,0.5688393168351342,0.5675117872075438,1.4111230373382568
rafdb_dinol,dinov2-l14,vib_b1,1024,4,16,1,,B_gender,mlp,"h=256,seed=1",0.5965795641982811,0.594945224449928,0.5730219588706866,0.572498986843796,1.394792079925537
rafdb_dinol,dinov2-l14,vib_b1,1024,4,16,1,,B_gender,mlp,"h=1024,seed=0",0.6200190988801111,0.6042188207182808,0.5852213314743813,0.5704664966541134,1.423938274383545
rafdb_dinol,dinov2-l14,vib_b1,1024,4,16,1,,B_gender,mlp,"h=1024,seed=1",0.6189773417831409,0.6048834207651207,0.5869640989891949,0.5732932024632051,1.4169654846191406
rafdb_dinol,dinov2-l14,vib_b1,1024,4,16,1,,B_gender,rff,gamma x0.5,0.5818213386578696,0.5775757156163549,0.582084349947717,0.5776816514940347,0.33919715881347656
rafdb_dinol,dinov2-l14,vib_b1,1024,4,16,1,,B_gender,rff,gamma x2.0,0.5956246201927251,0.5929475199609049,0.5691878703380969,0.5667202898120967,0.3325808048248291
rafdb_dinol,dinov2-l14,vib_b1,1024,4,16,1,,B_gender,tree,"depth=None,it=25",0.6398124837225454,0.6381459337255595,0.5559428372255141,0.5510497286718263,0.32906031608581543
rafdb_dinol,dinov2-l14,vib_b1,1024,4,16,1,,B_gender,tree,"depth=6,it=20",0.6188037156003126,0.6154876620435286,0.5601254792610666,0.5553951803418042,0.32598304748535156
rafdb_dinol,dinov2-l14,vib_b1,1024,4,16,1,,B_gender,knn,k=15,1.0,1.0,0.5646566747995817,0.5431804703021677,0.14251041412353516
rafdb_dinol,dinov2-l14,vib_b1,1024,4,16,1,,B_gender,knn,k=50,1.0,1.0,0.5866155454862322,0.554648904308632,0.2310333251953125
rafdb_dinol,dinov2-l14,vib_b1,1024,4,16,1,,B_race,lr,wd=1e-05,0.4276750061119713,0.3907318578488885,0.4155801825293351,0.3595924203251335,0.16597652435302734
rafdb_dinol,dinov2-l14,vib_b1,1024,4,16,1,,B_race,lr,wd=0.001,0.4276750061119713,0.3907318578488885,0.4155801825293351,0.3595924203251335,0.15323710441589355
rafdb_dinol,dinov2-l14,vib_b1,1024,4,16,1,,B_race,lr,wd=0.1,0.42808247086627005,0.3914958754557572,0.4155801825293351,0.36014076781187904,0.15155982971191406
rafdb_dinol,dinov2-l14,vib_b1,1024,4,16,1,,B_race,mlp,"h=256,seed=0",0.451633933664738,0.459920906772106,0.408735332464146,0.38538310270967974,1.3594706058502197
rafdb_dinol,dinov2-l14,vib_b1,1024,4,16,1,,B_race,mlp,"h=256,seed=1",0.43435742808247085,0.45157993656899387,0.40189048239895697,0.38551942936756056,1.3679559230804443
rafdb_dinol,dinov2-l14,vib_b1,1024,4,16,1,,B_race,mlp,"h=1024,seed=0",0.3879879390432728,0.48288546033681007,0.34810951760104303,0.3911875458673306,1.390570878982544
rafdb_dinol,dinov2-l14,vib_b1,1024,4,16,1,,B_race,mlp,"h=1024,seed=1",0.43191263955667836,0.48346341360690825,0.3829856584093872,0.3847965413071843,1.4121716022491455
rafdb_dinol,dinov2-l14,vib_b1,1024,4,16,1,,B_race,rff,gamma x0.5,0.4033086138049059,0.41972626692291537,0.3875488917861799,0.3901007600173543,0.3433072566986084
rafdb_dinol,dinov2-l14,vib_b1,1024,4,16,1,,B_race,rff,gamma x2.0,0.40917610626680795,0.46334831205671545,0.3617992177314211,0.36846180845034243,0.3450431823730469
rafdb_dinol,dinov2-l14,vib_b1,1024,4,16,1,,B_race,tree,"depth=None,it=12",0.4896096487653818,0.5605951595153481,0.3983050847457627,0.3848802024601407,0.33574604988098145
rafdb_dinol,dinov2-l14,vib_b1,1024,4,16,1,,B_race,tree,"depth=6,it=11",0.4742889740037487,0.5257680532136028,0.4002607561929596,0.379327036309264,0.34554004669189453
rafdb_dinol,dinov2-l14,vib_b1,1024,4,16,1,,B_race,knn,k=15,1.0,1.0,0.7623859191655802,0.3338253196222978,0.14803767204284668
rafdb_dinol,dinov2-l14,vib_b1,1024,4,16,1,,B_race,knn,k=50,1.0,1.0,0.766297262059974,0.3333333333333333,0.2530348300933838
rafdb_dinol,dinov2-l14,vib_b1,1024,4,16,1,,B_age,lr,wd=1e-05,0.2322549099502893,0.32163210463407294,0.23370273794002608,0.3361216520000296,0.18386316299438477
rafdb_dinol,dinov2-l14,vib_b1,1024,4,16,1,,B_age,lr,wd=0.001,0.2322549099502893,0.32163210463407294,0.23370273794002608,0.3361216520000296,0.16000151634216309
rafdb_dinol,dinov2-l14,vib_b1,1024,4,16,1,,B_age,lr,wd=0.1,0.2319289381468503,0.32146993714963257,0.2333767926988266,0.33571012936628475,0.1646280288696289
rafdb_dinol,dinov2-l14,vib_b1,1024,4,16,1,,B_age,mlp,"h=256,seed=0",0.30991769211963166,0.38929222737921904,0.29791395045632335,0.36106105579565495,1.3959951400756836
rafdb_dinol,dinov2-l14,vib_b1,1024,4,16,1,,B_age,mlp,"h=256,seed=1",0.3149702550729362,0.38449424575246094,0.30345501955671444,0.36977553995406326,1.3896918296813965
rafdb_dinol,dinov2-l14,vib_b1,1024,4,16,1,,B_age,mlp,"h=1024,seed=0",0.3500937168934887,0.4119190277051027,0.32105606258148633,0.3509118347931205,1.4420979022979736
rafdb_dinol,dinov2-l14,vib_b1,1024,4,16,1,,B_age,mlp,"h=1024,seed=1",0.3304539157362888,0.41110118039380295,0.3014993481095176,0.35066697863416296,1.435117483139038
rafdb_dinol,dinov2-l14,vib_b1,1024,4,16,1,,B_age,rff,gamma x0.5,0.3029907912965529,0.3707113727290526,0.29367666232073014,0.36168230379211697,0.3570520877838135
rafdb_dinol,dinov2-l14,vib_b1,1024,4,16,1,,B_age,rff,gamma x2.0,0.3296389862276913,0.39678685502590316,0.2982398956975228,0.33953265236677,0.3475069999694824
rafdb_dinol,dinov2-l14,vib_b1,1024,4,16,1,,B_age,tree,"depth=None,it=20",0.4105614864314237,0.5276243886189935,0.3122555410691004,0.32663447247436406,0.43824315071105957
rafdb_dinol,dinov2-l14,vib_b1,1024,4,16,1,,B_age,tree,"depth=6,it=20",0.38912884035530926,0.4947593841862701,0.31258148631029986,0.3338522229768754,0.4222736358642578
rafdb_dinol,dinov2-l14,vib_b1,1024,4,16,1,,B_age,knn,k=15,1.0,1.0,0.5169491525423728,0.2525469642256661,0.1440753936767578
rafdb_dinol,dinov2-l14,vib_b1,1024,4,16,1,,B_age,knn,k=50,1.0,1.0,0.5472620599739244,0.24534521957392624,0.2602250576019287
rafdb_dinol,dinov2-l14,vib_b1,1024,4,16,1,,Aprime_heldout,lr,wd=1e-05,0.6013338273434605,0.6021543965423821,0.5956112852664577,0.5762813807531381,0.17713260650634766
rafdb_dinol,dinov2-l14,vib_b1,1024,4,16,1,,Aprime_heldout,lr,wd=0.001,0.6013338273434605,0.6021543965423821,0.5956112852664577,0.5762813807531381,0.14600014686584473
rafdb_dinol,dinov2-l14,vib_b1,1024,4,16,1,,Aprime_heldout,lr,wd=0.1,0.6013338273434605,0.6021543965423821,0.5940438871473355,0.5731563807531381,0.14699983596801758
rafdb_dinol,dinov2-l14,vib_b1,1024,4,16,1,,Aprime_heldout,mlp,"h=256,seed=0",0.6743238236383846,0.6380542033109703,0.6410658307210031,0.5650366108786611,0.47873544692993164
rafdb_dinol,dinov2-l14,vib_b1,1024,4,16,1,,Aprime_heldout,mlp,"h=256,seed=1",0.653575398295665,0.640395005537987,0.6253918495297806,0.5753661087866109,0.4777650833129883
rafdb_dinol,dinov2-l14,vib_b1,1024,4,16,1,,Aprime_heldout,mlp,"h=1024,seed=0",0.6884031122638014,0.6672239837758798,0.6253918495297806,0.5524973849372385,0.49064064025878906
rafdb_dinol,dinov2-l14,vib_b1,1024,4,16,1,,Aprime_heldout,mlp,"h=1024,seed=1",0.6565394590589108,0.6740138231531482,0.5877742946708464,0.5502615062761507,0.48185110092163086
rafdb_dinol,dinov2-l14,vib_b1,1024,4,16,1,,Aprime_heldout,rff,gamma x0.5,0.6365320489070025,0.6172184950467738,0.6065830721003135,0.5544979079497908,0.1819305419921875
rafdb_dinol,dinov2-l14,vib_b1,1024,4,16,1,,Aprime_heldout,rff,gamma x2.0,0.6639496109670249,0.6630363649413762,0.5736677115987461,0.5283734309623431,0.17058706283569336
rafdb_dinol,dinov2-l14,vib_b1,1024,4,16,1,,Aprime_heldout,tree,"depth=None,it=12",0.7176732123008521,0.720089241105796,0.5877742946708464,0.5440245815899581,0.25916171073913574
rafdb_dinol,dinov2-l14,vib_b1,1024,4,16,1,,Aprime_heldout,tree,"depth=6,it=16",0.7024824008892182,0.703069958778237,0.5924764890282131,0.5409257322175732,0.28438854217529297
rafdb_dinol,dinov2-l14,vib_b1,1024,4,16,1,,Aprime_heldout,knn,k=15,1.0,1.0,0.7445141065830722,0.5301255230125523,0.023999691009521484
rafdb_dinol,dinov2-l14,vib_b1,1024,4,16,1,,Aprime_heldout,knn,k=50,1.0,1.0,0.7539184952978056,0.5239278242677825,0.048995018005371094
rafdb_dinol,dinov2-l14,adv2attr_lam03,1024,4,16,1,,A_kept,lr,wd=1e-05,0.9256163811115754,0.9429377785443448,0.8246913580246914,0.7484026850422081,0.16299986839294434
rafdb_dinol,dinov2-l14,adv2attr_lam03,1024,4,16,1,,A_kept,lr,wd=0.001,0.9256163811115754,0.9429377785443448,0.8246913580246914,0.7484026850422081,0.16200852394104004
rafdb_dinol,dinov2-l14,adv2attr_lam03,1024,4,16,1,,A_kept,lr,wd=0.1,0.9224822398662766,0.9400552346795885,0.8251028806584362,0.7487590414280159,0.16199207305908203
rafdb_dinol,dinov2-l14,adv2attr_lam03,1024,4,16,1,,A_kept,mlp,"h=256,seed=0",0.9581069786878396,0.9731040356304185,0.8407407407407408,0.7531426561302514,1.1825625896453857
rafdb_dinol,dinov2-l14,adv2attr_lam03,1024,4,16,1,,A_kept,mlp,"h=256,seed=1",0.9582114500626828,0.97383015782657,0.839917695473251,0.7508610591292002,1.1719996929168701
rafdb_dinol,dinov2-l14,adv2attr_lam03,1024,4,16,1,,A_kept,mlp,"h=1024,seed=0",0.9599874634350188,0.9753752982273982,0.8411522633744856,0.749988716636029,1.1904726028442383
rafdb_dinol,dinov2-l14,adv2attr_lam03,1024,4,16,1,,A_kept,mlp,"h=1024,seed=1",0.9600919348098621,0.9753775949247581,0.8423868312757201,0.7518115198313812,1.197584629058838
rafdb_dinol,dinov2-l14,adv2attr_lam03,1024,4,16,1,,A_kept,rff,gamma x0.5,0.952569995821145,0.9687642719206723,0.8415637860082305,0.7592737073197089,0.27700257301330566
rafdb_dinol,dinov2-l14,adv2attr_lam03,1024,4,16,1,,A_kept,rff,gamma x2.0,0.95685332218972,0.9731767578798483,0.8395061728395061,0.7589942518900921,0.28601551055908203
rafdb_dinol,dinov2-l14,adv2attr_lam03,1024,4,16,1,,A_kept,tree,"depth=None,it=40",0.975762641036356,0.9845548962651268,0.8374485596707819,0.7414210080672378,0.5670044422149658
rafdb_dinol,dinov2-l14,adv2attr_lam03,1024,4,16,1,,A_kept,tree,"depth=6,it=53",0.9745089845382365,0.9840324421993374,0.8403292181069959,0.7420126018065162,0.6423294544219971
rafdb_dinol,dinov2-l14,adv2attr_lam03,1024,4,16,1,,A_kept,knn,k=15,1.0,1.0,0.8493827160493828,0.7396788683691088,0.11903786659240723
rafdb_dinol,dinov2-l14,adv2attr_lam03,1024,4,16,1,,A_kept,knn,k=50,1.0,1.0,0.8526748971193415,0.741054576198691,0.18858003616333008
rafdb_dinol,dinov2-l14,adv2attr_lam03,1024,4,16,1,,B_gender,lr,wd=1e-05,0.5395433631391614,0.5347197418678415,0.5559428372255141,0.5514164417954117,0.17969918251037598
rafdb_dinol,dinov2-l14,adv2attr_lam03,1024,4,16,1,,B_gender,lr,wd=0.001,0.5395433631391614,0.5347197418678415,0.5559428372255141,0.5514164417954117,0.14965486526489258
rafdb_dinol,dinov2-l14,adv2attr_lam03,1024,4,16,1,,B_gender,lr,wd=0.1,0.5393697369563331,0.5345426781260627,0.5552457302195887,0.5507991578447944,0.14626336097717285
rafdb_dinol,dinov2-l14,adv2attr_lam03,1024,4,16,1,,B_gender,mlp,"h=256,seed=0",0.5905026477992882,0.5810259146059341,0.5779017079121646,0.569118998902826,1.3889641761779785
rafdb_dinol,dinov2-l14,adv2attr_lam03,1024,4,16,1,,B_gender,mlp,"h=256,seed=1",0.5922389096275719,0.5793919293857686,0.5719762983617985,0.5598382409631408,1.3798913955688477
rafdb_dinol,dinov2-l14,adv2attr_lam03,1024,4,16,1,,B_gender,mlp,"h=1024,seed=0",0.6176751454119281,0.5937979915908327,0.5779017079121646,0.555458935049274,1.410008430480957
rafdb_dinol,dinov2-l14,adv2attr_lam03,1024,4,16,1,,B_gender,mlp,"h=1024,seed=1",0.6136817432068756,0.5923900128117968,0.5779017079121646,0.5575675355098894,1.445657730102539
rafdb_dinol,dinov2-l14,adv2attr_lam03,1024,4,16,1,,B_gender,rff,gamma x0.5,0.573140029516451,0.5594708365764532,0.5775531544092019,0.5649598691298718,0.34290623664855957
rafdb_dinol,dinov2-l14,adv2attr_lam03,1024,4,16,1,,B_gender,rff,gamma x2.0,0.5871169372341349,0.5775855072305153,0.5674451028232834,0.5587596002728108,0.33280301094055176
rafdb_dinol,dinov2-l14,adv2attr_lam03,1024,4,16,1,,B_gender,tree,"depth=None,it=18",0.6322597447695112,0.6208342369184496,0.5688393168351342,0.5568771066235705,0.29425907135009766
rafdb_dinol,dinov2-l14,adv2attr_lam03,1024,4,16,1,,B_gender,tree,"depth=6,it=20",0.6280927163816303,0.6150304228679967,0.5587312652492158,0.5447177495082486,0.3215060234069824
rafdb_dinol,dinov2-l14,adv2attr_lam03,1024,4,16,1,,B_gender,knn,k=15,1.0,1.0,0.5569884977344022,0.532539859047732,0.13700008392333984
rafdb_dinol,dinov2-l14,adv2attr_lam03,1024,4,16,1,,B_gender,knn,k=50,1.0,1.0,0.5719762983617985,0.5338932874694817,0.238999605178833
rafdb_dinol,dinov2-l14,adv2attr_lam03,1024,4,16,1,,B_race,lr,wd=1e-05,0.4024936842963084,0.37755639399097024,0.3940677966101695,0.36961288505497264,0.17200064659118652
rafdb_dinol,dinov2-l14,adv2attr_lam03,1024,4,16,1,,B_race,lr,wd=0.001,0.4024936842963084,0.37755639399097024,0.394393741851369,0.3703030161798863,0.15899991989135742
rafdb_dinol,dinov2-l14,adv2attr_lam03,1024,4,16,1,,B_race,lr,wd=0.1,0.4020862195420096,0.3775177616436398,0.39374185136897,0.37001944890355,0.16299986839294434
rafdb_dinol,dinov2-l14,adv2attr_lam03,1024,4,16,1,,B_race,mlp,"h=256,seed=0",0.39972292396707687,0.44465224048982693,0.3647327249022164,0.3660465677923559,1.3968207836151123
rafdb_dinol,dinov2-l14,adv2attr_lam03,1024,4,16,1,,B_race,mlp,"h=256,seed=1",0.3993154592127781,0.4399553069027586,0.3644067796610169,0.36955719374856466,1.4190003871917725
rafdb_dinol,dinov2-l14,adv2attr_lam03,1024,4,16,1,,B_race,mlp,"h=1024,seed=0",0.33835873196968463,0.4720534123201953,0.29595827900912647,0.3809086912391704,1.4406797885894775
rafdb_dinol,dinov2-l14,adv2attr_lam03,1024,4,16,1,,B_race,mlp,"h=1024,seed=1",0.34487816803846466,0.4709063532888394,0.3060625814863103,0.3776368401597259,1.4216361045837402
rafdb_dinol,dinov2-l14,adv2attr_lam03,1024,4,16,1,,B_race,rff,gamma x0.5,0.3540868714856165,0.4065639242027543,0.3474576271186441,0.38251218538053006,0.34121060371398926
rafdb_dinol,dinov2-l14,adv2attr_lam03,1024,4,16,1,,B_race,rff,gamma x2.0,0.3657403634585608,0.4516776057513288,0.32105606258148633,0.37249645128808484,0.3442835807800293
rafdb_dinol,dinov2-l14,adv2attr_lam03,1024,4,16,1,,B_race,tree,"depth=None,it=10",0.42759351316111155,0.5523583971238,0.35984354628422427,0.3777853603459729,0.3223752975463867
rafdb_dinol,dinov2-l14,adv2attr_lam03,1024,4,16,1,,B_race,tree,"depth=6,it=10",0.3879879390432728,0.5070103967438924,0.3438722294654498,0.38255872401379404,0.3459904193878174
rafdb_dinol,dinov2-l14,adv2attr_lam03,1024,4,16,1,,B_race,knn,k=15,1.0,1.0,0.7617340286831812,0.33354175234596145,0.1343543529510498
rafdb_dinol,dinov2-l14,adv2attr_lam03,1024,4,16,1,,B_race,knn,k=50,1.0,1.0,0.766297262059974,0.3333333333333333,0.24599647521972656
rafdb_dinol,dinov2-l14,adv2attr_lam03,1024,4,16,1,,B_age,lr,wd=1e-05,0.27658707521799364,0.28826523803709847,0.2728161668839635,0.27395935284047346,0.16901659965515137
rafdb_dinol,dinov2-l14,adv2attr_lam03,1024,4,16,1,,B_age,lr,wd=0.001,0.27658707521799364,0.28826523803709847,0.2728161668839635,0.27395935284047346,0.14671921730041504
rafdb_dinol,dinov2-l14,adv2attr_lam03,1024,4,16,1,,B_age,lr,wd=0.1,0.2771575258740119,0.2890413371637436,0.27216427640156454,0.2729399274711663,0.1509997844696045
rafdb_dinol,dinov2-l14,adv2attr_lam03,1024,4,16,1,,B_age,mlp,"h=256,seed=0",0.3397441121343004,0.37867603321975896,0.31910039113428945,0.3448818759477678,1.3815267086029053
rafdb_dinol,dinov2-l14,adv2attr_lam03,1024,4,16,1,,B_age,mlp,"h=256,seed=1",0.3507456605003667,0.3826469418534793,0.3376792698826597,0.3528664757074254,1.3995568752288818
rafdb_dinol,dinov2-l14,adv2attr_lam03,1024,4,16,1,,B_age,mlp,"h=1024,seed=0",0.37266726428163965,0.407548201623649,0.3438722294654498,0.33677132209234967,1.4055564403533936
rafdb_dinol,dinov2-l14,adv2attr_lam03,1024,4,16,1,,B_age,mlp,"h=1024,seed=1",0.35742808247086627,0.40684685515089625,0.32757496740547587,0.34999581954082704,1.4192070960998535
rafdb_dinol,dinov2-l14,adv2attr_lam03,1024,4,16,1,,B_age,rff,gamma x0.5,0.3322467606552033,0.3580900856820951,0.31910039113428945,0.3427152133338364,0.3455369472503662
rafdb_dinol,dinov2-l14,adv2attr_lam03,1024,4,16,1,,B_age,rff,gamma x2.0,0.35090864640208624,0.3916115774858967,0.32105606258148633,0.3415250553185428,0.3470039367675781
rafdb_dinol,dinov2-l14,adv2attr_lam03,1024,4,16,1,,B_age,tree,"depth=None,it=17",0.4363132589031049,0.5050986543874866,0.33833116036505867,0.31904063007313105,0.4191708564758301
rafdb_dinol,dinov2-l14,adv2attr_lam03,1024,4,16,1,,B_age,tree,"depth=6,it=17",0.39923396626191837,0.46273121497988684,0.31714471968709257,0.32286094015280337,0.42421650886535645
rafdb_dinol,dinov2-l14,adv2attr_lam03,1024,4,16,1,,B_age,knn,k=15,1.0,1.0,0.5234680573663625,0.24319839427528428,0.15000081062316895
rafdb_dinol,dinov2-l14,adv2attr_lam03,1024,4,16,1,,B_age,knn,k=50,1.0,1.0,0.5420469361147328,0.23177501169071085,0.25423097610473633
rafdb_dinol,dinov2-l14,adv2attr_lam03,1024,4,16,1,,Aprime_heldout,lr,wd=1e-05,0.6050389032975176,0.6060123397889232,0.5830721003134797,0.5866239539748954,0.18149566650390625
rafdb_dinol,dinov2-l14,adv2attr_lam03,1024,4,16,1,,Aprime_heldout,lr,wd=0.001,0.6050389032975176,0.6060123397889232,0.5830721003134797,0.5866239539748954,0.15729784965515137
rafdb_dinol,dinov2-l14,adv2attr_lam03,1024,4,16,1,,Aprime_heldout,lr,wd=0.1,0.6046683957021118,0.6062051489908479,0.5846394984326019,0.5876699790794979,0.14654326438903809
rafdb_dinol,dinov2-l14,adv2attr_lam03,1024,4,16,1,,Aprime_heldout,mlp,"h=256,seed=0",0.6780288995924416,0.6699521636147925,0.6630094043887147,0.6441291841004184,0.4804041385650635
rafdb_dinol,dinov2-l14,adv2attr_lam03,1024,4,16,1,,Aprime_heldout,mlp,"h=256,seed=1",0.6609855502037791,0.6632435996492843,0.6332288401253918,0.6180177824267783,0.48313403129577637
rafdb_dinol,dinov2-l14,adv2attr_lam03,1024,4,16,1,,Aprime_heldout,mlp,"h=1024,seed=0",0.6943312337902927,0.6921790536023655,0.6442006269592476,0.6149450836820084,0.4839954376220703
rafdb_dinol,dinov2-l14,adv2attr_lam03,1024,4,16,1,,Aprime_heldout,mlp,"h=1024,seed=1",0.6676546869210819,0.6909286085227297,0.6050156739811913,0.6137421548117155,0.48589444160461426
rafdb_dinol,dinov2-l14,adv2attr_lam03,1024,4,16,1,,Aprime_heldout,rff,gamma x0.5,0.6491293071507966,0.6525004679493405,0.6269592476489029,0.6304654811715481,0.17237162590026855
rafdb_dinol,dinov2-l14,adv2attr_lam03,1024,4,16,1,,Aprime_heldout,rff,gamma x2.0,0.6728417932567617,0.6806629258866761,0.5924764890282131,0.582505230125523,0.17303228378295898
rafdb_dinol,dinov2-l14,adv2attr_lam03,1024,4,16,1,,Aprime_heldout,tree,"depth=None,it=23",0.754353464246017,0.7548557660506623,0.6394984326018809,0.6014121338912134,0.27080726623535156
rafdb_dinol,dinov2-l14,adv2attr_lam03,1024,4,16,1,,Aprime_heldout,tree,"depth=6,it=21",0.7336050389032975,0.7273762326770783,0.6253918495297806,0.5857609832635984,0.2862832546234131
rafdb_dinol,dinov2-l14,adv2attr_lam03,1024,4,16,1,,Aprime_heldout,knn,k=15,1.0,1.0,0.7288401253918495,0.5217442468619247,0.02696681022644043
rafdb_dinol,dinov2-l14,adv2attr_lam03,1024,4,16,1,,Aprime_heldout,knn,k=50,1.0,1.0,0.7382445141065831,0.5113885983263599,0.04999828338623047
rafdb_dinol,dinov2-l14,leace2attr,1024,1024,4096,1,,A_kept,lr,wd=1e-05,0.964688675302967,0.9809981232739823,0.8292181069958847,0.7505248139570314,0.42349839210510254
rafdb_dinol,dinov2-l14,leace2attr,1024,1024,4096,1,,A_kept,lr,wd=0.001,0.964688675302967,0.9809981232739823,0.8292181069958847,0.7505248139570314,0.21950888633728027
rafdb_dinol,dinov2-l14,leace2attr,1024,1024,4096,1,,A_kept,lr,wd=0.1,0.9622858336815713,0.9795081432559598,0.8296296296296296,0.7506304877913375,0.21699905395507812
rafdb_dinol,dinov2-l14,leace2attr,1024,1024,4096,1,,A_kept,mlp,"h=256,seed=0",1.0,1.0,0.8736625514403292,0.7734666529066703,1.2533447742462158
rafdb_dinol,dinov2-l14,leace2attr,1024,1024,4096,1,,A_kept,mlp,"h=256,seed=1",1.0,1.0,0.8724279835390947,0.7741872934667197,1.2524070739746094
rafdb_dinol,dinov2-l14,leace2attr,1024,1024,4096,1,,A_kept,mlp,"h=1024,seed=0",1.0,1.0,0.8777777777777778,0.7724951902256867,2.677724599838257
rafdb_dinol,dinov2-l14,leace2attr,1024,1024,4096,1,,A_kept,mlp,"h=1024,seed=1",1.0,1.0,0.8781893004115227,0.7734159730384178,2.683387041091919
rafdb_dinol,dinov2-l14,leace2attr,1024,1024,4096,1,,A_kept,rff,gamma x0.5,0.8875888006686168,0.8977265322222318,0.839917695473251,0.7676404652968184,1.4137217998504639
rafdb_dinol,dinov2-l14,leace2attr,1024,1024,4096,1,,A_kept,rff,gamma x2.0,0.9139155871291266,0.9424807226128312,0.8181069958847736,0.7361477450098247,0.37019824981689453
rafdb_dinol,dinov2-l14,leace2attr,1024,1024,4096,1,,A_kept,tree,"depth=None,it=31",0.9506895110739657,0.9408481620152023,0.8238683127572016,0.6883241446171638,86.03179454803467
rafdb_dinol,dinov2-l14,leace2attr,1024,1024,4096,1,,A_kept,tree,"depth=6,it=36",0.9563309653155035,0.9437270495689176,0.8246913580246914,0.6897556183566651,84.28567409515381
rafdb_dinol,dinov2-l14,leace2attr,1024,1024,4096,1,,A_kept,knn,k=15,1.0,1.0,0.7847736625514403,0.62323338335986,1.29292631149292
rafdb_dinol,dinov2-l14,leace2attr,1024,1024,4096,1,,A_kept,knn,k=50,1.0,1.0,0.774074074074074,0.6016483738429155,1.282787561416626
rafdb_dinol,dinov2-l14,leace2attr,1024,1024,4096,1,,B_gender,lr,wd=1e-05,0.5622883930896779,0.5663279639216063,0.5475775531544091,0.5513432968597101,0.5304214954376221
rafdb_dinol,dinov2-l14,leace2attr,1024,1024,4096,1,,B_gender,lr,wd=0.001,0.5461411580866394,0.549392283543995,0.5329383060299756,0.536363411717028,0.2200024127960205
rafdb_dinol,dinov2-l14,leace2attr,1024,1024,4096,1,,B_gender,lr,wd=0.1,0.5704488236826113,0.5741318650359566,0.5604740327640293,0.5631297630697151,0.21999740600585938
rafdb_dinol,dinov2-l14,leace2attr,1024,1024,4096,1,,B_gender,mlp,"h=256,seed=0",1.0,1.0,0.8922969675845243,0.8906945309333887,1.5295090675354004
rafdb_dinol,dinov2-l14,leace2attr,1024,1024,4096,1,,B_gender,mlp,"h=256,seed=1",1.0,1.0,0.8947368421052632,0.8929467030414455,1.5005083084106445
rafdb_dinol,dinov2-l14,leace2attr,1024,1024,4096,1,,B_gender,mlp,"h=1024,seed=0",1.0,1.0,0.8968281631230394,0.8954403028595717,3.1991002559661865
rafdb_dinol,dinov2-l14,leace2attr,1024,1024,4096,1,,B_gender,mlp,"h=1024,seed=1",1.0,1.0,0.8978738236319275,0.8962745505046013,3.2018790245056152
rafdb_dinol,dinov2-l14,leace2attr,1024,1024,4096,1,,B_gender,rff,gamma x0.5,0.8567583991665944,0.8569816391709328,0.8197978389682816,0.8202628769682412,2.0790295600891113
rafdb_dinol,dinov2-l14,leace2attr,1024,1024,4096,1,,B_gender,rff,gamma x2.0,0.8836704575049917,0.8843278344325047,0.8051585918438481,0.8045495655783886,0.46628546714782715
rafdb_dinol,dinov2-l14,leace2attr,1024,1024,4096,1,,B_gender,tree,"depth=None,it=100",0.969962670370692,0.9697873827073761,0.860578598814918,0.8592160147871384,84.46510720252991
rafdb_dinol,dinov2-l14,leace2attr,1024,1024,4096,1,,B_gender,tree,"depth=6,it=100",0.9651011372514975,0.9646568996878181,0.8553502962704775,0.8520193932924117,81.90814280509949
rafdb_dinol,dinov2-l14,leace2attr,1024,1024,4096,1,,B_gender,knn,k=15,1.0,1.0,0.8243290345067968,0.8117152981644575,1.75864839553833
rafdb_dinol,dinov2-l14,leace2attr,1024,1024,4096,1,,B_gender,knn,k=50,1.0,1.0,0.8180550714534681,0.8024009330921528,1.851712942123413
rafdb_dinol,dinov2-l14,leace2attr,1024,1024,4096,1,,B_race,lr,wd=1e-05,0.4390840192323364,0.4555793853799481,0.4230769230769231,0.42874263097849735,0.3633577823638916
rafdb_dinol,dinov2-l14,leace2attr,1024,1024,4096,1,,B_race,lr,wd=0.001,0.4390840192323364,0.4555793853799481,0.4230769230769231,0.42874263097849735,0.22737383842468262
rafdb_dinol,dinov2-l14,leace2attr,1024,1024,4096,1,,B_race,lr,wd=0.1,0.4380246108711596,0.45573566595219756,0.42470664928292046,0.4312826144424169,0.23982477188110352
rafdb_dinol,dinov2-l14,leace2attr,1024,1024,4096,1,,B_race,mlp,"h=256,seed=0",1.0,1.0,0.8591916558018253,0.7357941762820351,1.5490379333496094
rafdb_dinol,dinov2-l14,leace2attr,1024,1024,4096,1,,B_race,mlp,"h=256,seed=1",1.0,1.0,0.8575619295958279,0.7312371047321946,1.5232324600219727
rafdb_dinol,dinov2-l14,leace2attr,1024,1024,4096,1,,B_race,mlp,"h=1024,seed=0",1.0,1.0,0.8640808344198174,0.7403100645661628,3.4000778198242188
rafdb_dinol,dinov2-l14,leace2attr,1024,1024,4096,1,,B_race,mlp,"h=1024,seed=1",1.0,1.0,0.8634289439374185,0.7383717338778091,3.3727035522460938
rafdb_dinol,dinov2-l14,leace2attr,1024,1024,4096,1,,B_race,rff,gamma x0.5,0.7465569228261756,0.7836364786553593,0.7033898305084746,0.6826506775187262,1.5990076065063477
rafdb_dinol,dinov2-l14,leace2attr,1024,1024,4096,1,,B_race,rff,gamma x2.0,0.8027055659685437,0.8596600846294575,0.6864406779661016,0.6460003258682822,0.4610018730163574
rafdb_dinol,dinov2-l14,leace2attr,1024,1024,4096,1,,B_race,tree,"depth=None,it=46",0.9570532148969114,0.9373034429108174,0.8083441981747066,0.6072881200763878,88.96980595588684
rafdb_dinol,dinov2-l14,leace2attr,1024,1024,4096,1,,B_race,tree,"depth=6,it=53",0.9489854127617962,0.9340982977818282,0.8021512385919165,0.6064447381278332,86.34313440322876
rafdb_dinol,dinov2-l14,leace2attr,1024,1024,4096,1,,B_race,knn,k=15,1.0,1.0,0.8259452411994785,0.5471062081385164,2.008775472640991
rafdb_dinol,dinov2-l14,leace2attr,1024,1024,4096,1,,B_race,knn,k=50,1.0,1.0,0.8028031290743155,0.4621713583487481,1.9600303173065186
rafdb_dinol,dinov2-l14,leace2attr,1024,1024,4096,1,,B_age,lr,wd=1e-05,0.7661967239833755,0.8291761856894215,0.6509126466753585,0.6826133008239553,0.48458266258239746
rafdb_dinol,dinov2-l14,leace2attr,1024,1024,4096,1,,B_age,lr,wd=0.001,0.7661967239833755,0.8291761856894215,0.6509126466753585,0.6826133008239553,0.22847795486450195
rafdb_dinol,dinov2-l14,leace2attr,1024,1024,4096,1,,B_age,lr,wd=0.1,0.7653817944747779,0.8268646007529487,0.6541720990873533,0.6865258957067724,0.24000048637390137
rafdb_dinol,dinov2-l14,leace2attr,1024,1024,4096,1,,B_age,mlp,"h=256,seed=0",1.0,1.0,0.7744458930899609,0.7243841338182433,1.5506091117858887
rafdb_dinol,dinov2-l14,leace2attr,1024,1024,4096,1,,B_age,mlp,"h=256,seed=1",1.0,1.0,0.7728161668839635,0.7170104296433237,1.5041158199310303
rafdb_dinol,dinov2-l14,leace2attr,1024,1024,4096,1,,B_age,mlp,"h=1024,seed=0",1.0,1.0,0.7767275097783573,0.7215025946487982,3.3762106895446777
rafdb_dinol,dinov2-l14,leace2attr,1024,1024,4096,1,,B_age,mlp,"h=1024,seed=1",1.0,1.0,0.7754237288135594,0.7219278053892728,3.384976625442505
rafdb_dinol,dinov2-l14,leace2attr,1024,1024,4096,1,,B_age,rff,gamma x0.5,0.7860810039931546,0.8338788082936341,0.7382659713168188,0.7580187183684779,1.7660362720489502
rafdb_dinol,dinov2-l14,leace2attr,1024,1024,4096,1,,B_age,rff,gamma x2.0,0.8223453671257436,0.8759237745081798,0.7174054758800521,0.723949727266304,0.45651769638061523
rafdb_dinol,dinov2-l14,leace2attr,1024,1024,4096,1,,B_age,tree,"depth=None,it=33",0.9170401760247738,0.9315353880765509,0.7434810951760105,0.6972701896484799,89.44199538230896
rafdb_dinol,dinov2-l14,leace2attr,1024,1024,4096,1,,B_age,tree,"depth=6,it=39",0.9224187107815174,0.9318643578450319,0.741851368970013,0.6925229106065777,88.87838959693909
rafdb_dinol,dinov2-l14,leace2attr,1024,1024,4096,1,,B_age,knn,k=15,1.0,1.0,0.7522816166883963,0.6308276417562542,1.9869985580444336
rafdb_dinol,dinov2-l14,leace2attr,1024,1024,4096,1,,B_age,knn,k=50,1.0,1.0,0.7460886571056062,0.6092313603182633,2.04304838180542
rafdb_dinol,dinov2-l14,leace2attr,1024,1024,4096,1,,Aprime_heldout,lr,wd=1e-05,0.9944423860689144,0.9962159434914228,0.8385579937304075,0.8049424686192469,0.37004590034484863
rafdb_dinol,dinov2-l14,leace2attr,1024,1024,4096,1,,Aprime_heldout,lr,wd=0.001,0.9944423860689144,0.9962159434914228,0.8385579937304075,0.8049424686192469,0.1904129981994629
rafdb_dinol,dinov2-l14,leace2attr,1024,1024,4096,1,,Aprime_heldout,lr,wd=0.1,0.9914783253056688,0.9941977800201816,0.835423197492163,0.8049293933054393,0.19802308082580566
rafdb_dinol,dinov2-l14,leace2attr,1024,1024,4096,1,,Aprime_heldout,mlp,"h=256,seed=0",1.0,1.0,0.8573667711598746,0.8112578451882846,0.5583622455596924
rafdb_dinol,dinov2-l14,leace2attr,1024,1024,4096,1,,Aprime_heldout,mlp,"h=256,seed=1",1.0,1.0,0.8557993730407524,0.806053870292887,0.5455081462860107
rafdb_dinol,dinov2-l14,leace2attr,1024,1024,4096,1,,Aprime_heldout,mlp,"h=1024,seed=0",1.0,1.0,0.8667711598746082,0.8196129707112971,0.843909740447998
rafdb_dinol,dinov2-l14,leace2attr,1024,1024,4096,1,,Aprime_heldout,mlp,"h=1024,seed=1",1.0,1.0,0.8557993730407524,0.8081328451882845,0.8462109565734863
rafdb_dinol,dinov2-l14,leace2attr,1024,1024,4096,1,,Aprime_heldout,rff,gamma x0.5,0.9125602074842534,0.9217708328935312,0.8322884012539185,0.8215481171548118,0.9837305545806885
rafdb_dinol,dinov2-l14,leace2attr,1024,1024,4096,1,,Aprime_heldout,rff,gamma x2.0,0.9759170062986291,0.9831573421603357,0.8087774294670846,0.7538833682008368,0.2519996166229248
rafdb_dinol,dinov2-l14,leace2attr,1024,1024,4096,1,,Aprime_heldout,tree,"depth=None,it=35",0.9677658391997036,0.9580238886379085,0.8244514106583072,0.7477118200836821,67.25202989578247
rafdb_dinol,dinov2-l14,leace2attr,1024,1024,4096,1,,Aprime_heldout,tree,"depth=6,it=46",0.9707298999629492,0.9604871317449796,0.8275862068965517,0.7518828451882845,68.27440810203552
rafdb_dinol,dinov2-l14,leace2attr,1024,1024,4096,1,,Aprime_heldout,knn,k=15,1.0,1.0,0.8103448275862069,0.6717703974895397,0.1780378818511963
rafdb_dinol,dinov2-l14,leace2attr,1024,1024,4096,1,,Aprime_heldout,knn,k=50,1.0,1.0,0.7931034482758621,0.6311584728033472,0.17096161842346191
rafdb_dinol,dinov2-l14,raw_U,1024,1024,4096,2,,A_kept,lr,wd=1e-05,0.9668825741746762,0.9824065672919506,0.842798353909465,0.7679095378956756,0.43705129623413086
rafdb_dinol,dinov2-l14,raw_U,1024,1024,4096,2,,A_kept,lr,wd=0.001,0.9668825741746762,0.9824065672919506,0.842798353909465,0.7679095378956756,0.1759929656982422
rafdb_dinol,dinov2-l14,raw_U,1024,1024,4096,2,,A_kept,lr,wd=0.1,0.9637484329293774,0.9804342821670498,0.8436213991769548,0.7701280323597249,0.18461966514587402
rafdb_dinol,dinov2-l14,raw_U,1024,1024,4096,2,,A_kept,mlp,"h=256,seed=0",1.0,1.0,0.8744855967078189,0.7811665883255634,1.2495429515838623
rafdb_dinol,dinov2-l14,raw_U,1024,1024,4096,2,,A_kept,mlp,"h=256,seed=1",1.0,1.0,0.8724279835390947,0.7856402954588979,1.1992573738098145
rafdb_dinol,dinov2-l14,raw_U,1024,1024,4096,2,,A_kept,mlp,"h=1024,seed=0",1.0,1.0,0.8769547325102881,0.7823922410008658,2.662147283554077
rafdb_dinol,dinov2-l14,raw_U,1024,1024,4096,2,,A_kept,mlp,"h=1024,seed=1",1.0,1.0,0.8786008230452675,0.7853006664114166,2.6675093173980713
rafdb_dinol,dinov2-l14,raw_U,1024,1024,4096,2,,A_kept,rff,gamma x0.5,0.8828875888006686,0.8833874186894997,0.8362139917695474,0.7695609226836552,1.1041302680969238
rafdb_dinol,dinov2-l14,raw_U,1024,1024,4096,2,,A_kept,rff,gamma x2.0,0.916213957375679,0.939891051968986,0.8168724279835391,0.744232743121148,0.3832414150238037
rafdb_dinol,dinov2-l14,raw_U,1024,1024,4096,2,,A_kept,tree,"depth=None,it=36",0.9619724195570414,0.9488222128792339,0.8308641975308642,0.7073890405435903,88.27986764907837
rafdb_dinol,dinov2-l14,raw_U,1024,1024,4096,2,,A_kept,tree,"depth=6,it=35",0.9600919348098621,0.9491478927925868,0.8316872427983539,0.7189912338917953,84.28898549079895
rafdb_dinol,dinov2-l14,raw_U,1024,1024,4096,2,,A_kept,knn,k=15,1.0,1.0,0.7884773662551441,0.6267059735971561,1.456756591796875
rafdb_dinol,dinov2-l14,raw_U,1024,1024,4096,2,,A_kept,knn,k=50,1.0,1.0,0.7810699588477367,0.6073599359332054,1.5646884441375732
rafdb_dinol,dinov2-l14,raw_U,1024,1024,4096,2,,B_gender,lr,wd=1e-05,0.9307231530514801,0.9308318377424085,0.8999651446497037,0.8995015765698979,0.5146265029907227
rafdb_dinol,dinov2-l14,raw_U,1024,1024,4096,2,,B_gender,lr,wd=0.001,0.9307231530514801,0.9308318377424085,0.8999651446497037,0.8995015765698979,0.17586040496826172
rafdb_dinol,dinov2-l14,raw_U,1024,1024,4096,2,,B_gender,lr,wd=0.1,0.930636339960066,0.9308296549963948,0.9003136981526665,0.8999935751069992,0.18347930908203125
rafdb_dinol,dinov2-l14,raw_U,1024,1024,4096,2,,B_gender,mlp,"h=256,seed=0",1.0,1.0,0.9024050191704427,0.8998285047791319,1.4868395328521729
rafdb_dinol,dinov2-l14,raw_U,1024,1024,4096,2,,B_gender,mlp,"h=256,seed=1",1.0,1.0,0.9062391077030324,0.903498601350216,1.4680554866790771
rafdb_dinol,dinov2-l14,raw_U,1024,1024,4096,2,,B_gender,mlp,"h=1024,seed=0",1.0,1.0,0.905542000697107,0.9031563522422876,3.1807053089141846
rafdb_dinol,dinov2-l14,raw_U,1024,1024,4096,2,,B_gender,mlp,"h=1024,seed=1",1.0,1.0,0.9034506796793308,0.9012128221095395,3.1852529048919678
rafdb_dinol,dinov2-l14,raw_U,1024,1024,4096,2,,B_gender,rff,gamma x0.5,0.9104088896605608,0.9115463083093698,0.9031021261763681,0.9037462068420168,1.1835672855377197
rafdb_dinol,dinov2-l14,raw_U,1024,1024,4096,2,,B_gender,rff,gamma x2.0,0.9235176664641028,0.9241374786897891,0.8898570930637852,0.8901842461623619,0.42160701751708984
rafdb_dinol,dinov2-l14,raw_U,1024,1024,4096,2,,B_gender,tree,"depth=None,it=67",0.9689209132737217,0.9689223696849905,0.8902056465667479,0.8904012098567743,83.2139265537262
rafdb_dinol,dinov2-l14,raw_U,1024,1024,4096,2,,B_gender,tree,"depth=6,it=100",0.9782099140550395,0.9780868901384581,0.8968281631230394,0.8972738684774981,81.98655414581299
rafdb_dinol,dinov2-l14,raw_U,1024,1024,4096,2,,B_gender,knn,k=15,1.0,1.0,0.8818403624956431,0.8753845051349722,2.1428680419921875
rafdb_dinol,dinov2-l14,raw_U,1024,1024,4096,2,,B_gender,knn,k=50,1.0,1.0,0.8811432554897177,0.8735754035327028,2.195443630218506
rafdb_dinol,dinov2-l14,raw_U,1024,1024,4096,2,,B_race,lr,wd=1e-05,0.876130714693179,0.9130143940903327,0.8021512385919165,0.7754024859789288,0.34198546409606934
rafdb_dinol,dinov2-l14,raw_U,1024,1024,4096,2,,B_race,lr,wd=0.001,0.876130714693179,0.9130143940903327,0.8021512385919165,0.7754024859789288,0.17899394035339355
rafdb_dinol,dinov2-l14,raw_U,1024,1024,4096,2,,B_race,lr,wd=0.1,0.8753157851845815,0.9119652316158603,0.8014993481095176,0.7800637670350836,0.1800062656402588
rafdb_dinol,dinov2-l14,raw_U,1024,1024,4096,2,,B_race,mlp,"h=256,seed=0",1.0,1.0,0.8683181225554107,0.7523955522494535,1.4637830257415771
rafdb_dinol,dinov2-l14,raw_U,1024,1024,4096,2,,B_race,mlp,"h=256,seed=1",1.0,1.0,0.871251629726206,0.7555026702660457,1.4272782802581787
rafdb_dinol,dinov2-l14,raw_U,1024,1024,4096,2,,B_race,mlp,"h=1024,seed=0",1.0,1.0,0.872555410691004,0.7633940659110338,3.3437037467956543
rafdb_dinol,dinov2-l14,raw_U,1024,1024,4096,2,,B_race,mlp,"h=1024,seed=1",1.0,1.0,0.8728813559322034,0.7573082834303776,3.3478639125823975
rafdb_dinol,dinov2-l14,raw_U,1024,1024,4096,2,,B_race,rff,gamma x0.5,0.8568168853394181,0.8598718429039307,0.8422425032594524,0.8140705654991898,1.237175703048706
rafdb_dinol,dinov2-l14,raw_U,1024,1024,4096,2,,B_race,rff,gamma x2.0,0.8807758128921849,0.9047886964930353,0.8282268578878749,0.7819766305609518,0.4293370246887207
rafdb_dinol,dinov2-l14,raw_U,1024,1024,4096,2,,B_race,tree,"depth=None,it=39",0.9533045391573629,0.9568655772297158,0.8617992177314211,0.7766343710530274,87.8703453540802
rafdb_dinol,dinov2-l14,raw_U,1024,1024,4096,2,,B_race,tree,"depth=6,it=41",0.9502078070246923,0.9531252723469946,0.8640808344198174,0.7761775578245906,84.75605821609497
rafdb_dinol,dinov2-l14,raw_U,1024,1024,4096,2,,B_race,knn,k=15,1.0,1.0,0.8526727509778357,0.6326900057874851,2.363569736480713
rafdb_dinol,dinov2-l14,raw_U,1024,1024,4096,2,,B_race,knn,k=50,1.0,1.0,0.8393089960886571,0.5772618123884005,2.4755918979644775
rafdb_dinol,dinov2-l14,raw_U,1024,1024,4096,2,,B_age,lr,wd=1e-05,0.8392959009045717,0.8954943965536322,0.7141460234680573,0.7286779176436041,0.435941219329834
rafdb_dinol,dinov2-l14,raw_U,1024,1024,4096,2,,B_age,lr,wd=0.001,0.8392959009045717,0.8954943965536322,0.7141460234680573,0.7286779176436041,0.1790018081665039
rafdb_dinol,dinov2-l14,raw_U,1024,1024,4096,2,,B_age,lr,wd=0.1,0.8368511123787792,0.8923725198125136,0.7167535853976532,0.7301544115017436,0.1889970302581787
rafdb_dinol,dinov2-l14,raw_U,1024,1024,4096,2,,B_age,mlp,"h=256,seed=0",1.0,1.0,0.7728161668839635,0.7151962392928176,1.4713504314422607
rafdb_dinol,dinov2-l14,raw_U,1024,1024,4096,2,,B_age,mlp,"h=256,seed=1",1.0,1.0,0.7731421121251629,0.7179286178760036,1.4321062564849854
rafdb_dinol,dinov2-l14,raw_U,1024,1024,4096,2,,B_age,mlp,"h=1024,seed=0",1.0,1.0,0.779335071707953,0.7221283124123195,3.355138063430786
rafdb_dinol,dinov2-l14,raw_U,1024,1024,4096,2,,B_age,mlp,"h=1024,seed=1",1.0,1.0,0.7783572359843546,0.7245883220107672,3.358293056488037
rafdb_dinol,dinov2-l14,raw_U,1024,1024,4096,2,,B_age,rff,gamma x0.5,0.7908890880938799,0.8370064737254392,0.7470664928292047,0.7697425562781137,1.2201149463653564
rafdb_dinol,dinov2-l14,raw_U,1024,1024,4096,2,,B_age,rff,gamma x2.0,0.8275609159807676,0.8779542712884328,0.7385919165580183,0.7451137631106106,0.44049763679504395
rafdb_dinol,dinov2-l14,raw_U,1024,1024,4096,2,,B_age,tree,"depth=None,it=27",0.902615923722598,0.9231189186931115,0.7568448500651891,0.718691212253052,88.09876346588135
rafdb_dinol,dinov2-l14,raw_U,1024,1024,4096,2,,B_age,tree,"depth=6,it=32",0.903267867329476,0.9225804639280593,0.7480443285528031,0.7117586391063433,87.01976370811462
rafdb_dinol,dinov2-l14,raw_U,1024,1024,4096,2,,B_age,knn,k=15,1.0,1.0,0.7721642764015645,0.6480775800794436,2.492464542388916
rafdb_dinol,dinov2-l14,raw_U,1024,1024,4096,2,,B_age,knn,k=50,1.0,1.0,0.766297262059974,0.6341212256030364,2.3972067832946777
rafdb_dinol,dinov2-l14,raw_U,1024,1024,4096,2,,Aprime_heldout,lr,wd=1e-05,0.991107817710263,0.9939455095862765,0.8369905956112853,0.8101333682008368,0.3364403247833252
rafdb_dinol,dinov2-l14,raw_U,1024,1024,4096,2,,Aprime_heldout,lr,wd=0.001,0.991107817710263,0.9939455095862765,0.8369905956112853,0.8101333682008368,0.1721179485321045
rafdb_dinol,dinov2-l14,raw_U,1024,1024,4096,2,,Aprime_heldout,lr,wd=0.1,0.9892552797332346,0.9926841574167508,0.835423197492163,0.8090873430962343,0.1661994457244873
rafdb_dinol,dinov2-l14,raw_U,1024,1024,4096,2,,Aprime_heldout,mlp,"h=256,seed=0",1.0,1.0,0.8573667711598746,0.809178870292887,0.5160677433013916
rafdb_dinol,dinov2-l14,raw_U,1024,1024,4096,2,,Aprime_heldout,mlp,"h=256,seed=1",1.0,1.0,0.8683385579937304,0.8227379707112971,0.49199986457824707
rafdb_dinol,dinov2-l14,raw_U,1024,1024,4096,2,,Aprime_heldout,mlp,"h=1024,seed=0",1.0,1.0,0.8605015673981191,0.811270920502092,0.8413729667663574
rafdb_dinol,dinov2-l14,raw_U,1024,1024,4096,2,,Aprime_heldout,mlp,"h=1024,seed=1",1.0,1.0,0.8589341692789969,0.8143828451882845,0.8415570259094238
rafdb_dinol,dinov2-l14,raw_U,1024,1024,4096,2,,Aprime_heldout,rff,gamma x0.5,0.9158947758429048,0.926266664977827,0.822884012539185,0.8111140167364017,0.8342483043670654
rafdb_dinol,dinov2-l14,raw_U,1024,1024,4096,2,,Aprime_heldout,rff,gamma x2.0,0.9729529455353835,0.9802490194174347,0.8072100313479624,0.7715481171548118,0.24699997901916504
rafdb_dinol,dinov2-l14,raw_U,1024,1024,4096,2,,Aprime_heldout,tree,"depth=None,it=25",0.952204520192664,0.9483186896855521,0.8166144200626959,0.7736663179916319,68.50619602203369
rafdb_dinol,dinov2-l14,raw_U,1024,1024,4096,2,,Aprime_heldout,tree,"depth=6,it=26",0.952204520192664,0.9492088489572119,0.8040752351097179,0.7652981171548117,67.25933718681335
rafdb_dinol,dinov2-l14,raw_U,1024,1024,4096,2,,Aprime_heldout,knn,k=15,1.0,1.0,0.822884012539185,0.7279550209205021,0.25409865379333496
rafdb_dinol,dinov2-l14,raw_U,1024,1024,4096,2,,Aprime_heldout,knn,k=50,1.0,1.0,0.8213166144200627,0.7185930962343097,0.2775309085845947
rafdb_dinol,dinov2-l14,lda_shrink,1024,4,16,2,,A_kept,lr,wd=1e-05,0.9024237358963644,0.8710868969763969,0.8423868312757201,0.7755027724381822,0.21895122528076172
rafdb_dinol,dinov2-l14,lda_shrink,1024,4,16,2,,A_kept,lr,wd=0.001,0.9024237358963644,0.8710868969763969,0.8423868312757201,0.7755027724381822,0.20299983024597168
rafdb_dinol,dinov2-l14,lda_shrink,1024,4,16,2,,A_kept,lr,wd=0.1,0.9035729210196406,0.8706033424860312,0.8432098765432099,0.7755896838423785,0.194000244140625
rafdb_dinol,dinov2-l14,lda_shrink,1024,4,16,2,,A_kept,mlp,"h=256,seed=0",0.8992895946510656,0.8828075597346141,0.8403292181069959,0.7858463416639513,1.2760400772094727
rafdb_dinol,dinov2-l14,lda_shrink,1024,4,16,2,,A_kept,mlp,"h=256,seed=1",0.901587964897618,0.8852927281234546,0.8382716049382716,0.7844011678616116,1.2040371894836426
rafdb_dinol,dinov2-l14,lda_shrink,1024,4,16,2,,A_kept,mlp,"h=1024,seed=0",0.9036773923944839,0.8915012513792993,0.8395061728395061,0.7870391212484705,1.2283010482788086
rafdb_dinol,dinov2-l14,lda_shrink,1024,4,16,2,,A_kept,mlp,"h=1024,seed=1",0.9061847053907229,0.8928369994618333,0.8407407407407408,0.7864165150823844,1.2311551570892334
rafdb_dinol,dinov2-l14,lda_shrink,1024,4,16,2,,A_kept,rff,gamma x0.5,0.8986627664020058,0.8801054531796051,0.8390946502057613,0.7800732112129799,0.28053855895996094
rafdb_dinol,dinov2-l14,lda_shrink,1024,4,16,2,,A_kept,rff,gamma x2.0,0.9030505641454242,0.8904997919575178,0.8382716049382716,0.7767721644118037,0.28600001335144043
rafdb_dinol,dinov2-l14,lda_shrink,1024,4,16,2,,A_kept,tree,"depth=None,it=31",0.9399289594651066,0.9500981480738508,0.8576131687242798,0.788620954273273,0.5047149658203125
rafdb_dinol,dinov2-l14,lda_shrink,1024,4,16,2,,A_kept,tree,"depth=6,it=36",0.9278102799832846,0.9368838381105101,0.854320987654321,0.7899036502525834,0.5880591869354248
rafdb_dinol,dinov2-l14,lda_shrink,1024,4,16,2,,A_kept,knn,k=15,1.0,1.0,0.8711934156378601,0.7711110775138595,0.12900090217590332
rafdb_dinol,dinov2-l14,lda_shrink,1024,4,16,2,,A_kept,knn,k=50,1.0,1.0,0.8753086419753087,0.7692623083287838,0.19604063034057617
rafdb_dinol,dinov2-l14,lda_shrink,1024,4,16,2,,B_gender,lr,wd=1e-05,0.570275197499783,0.5593247924223912,0.5639595677936563,0.554389684587176,0.20254254341125488
rafdb_dinol,dinov2-l14,lda_shrink,1024,4,16,2,,B_gender,lr,wd=0.001,0.570275197499783,0.5593247924223912,0.5639595677936563,0.554389684587176,0.20352602005004883
rafdb_dinol,dinov2-l14,lda_shrink,1024,4,16,2,,B_gender,lr,wd=0.1,0.5704488236826113,0.55950185616417,0.5639595677936563,0.554389684587176,0.1960008144378662
rafdb_dinol,dinov2-l14,lda_shrink,1024,4,16,2,,B_gender,mlp,"h=256,seed=0",0.6005729664033336,0.5920110758066461,0.5719762983617985,0.5673558599966393,1.4482429027557373
rafdb_dinol,dinov2-l14,lda_shrink,1024,4,16,2,,B_gender,mlp,"h=256,seed=1",0.6024828544144457,0.5907268525780106,0.5813872429417916,0.573213879745772,1.4304969310760498
rafdb_dinol,dinov2-l14,lda_shrink,1024,4,16,2,,B_gender,mlp,"h=1024,seed=0",0.6249674450907197,0.6006919028177529,0.5747647263855001,0.5541480097658373,1.4650981426239014
rafdb_dinol,dinov2-l14,lda_shrink,1024,4,16,2,,B_gender,mlp,"h=1024,seed=1",0.6242729403594062,0.6081251367674835,0.5806901359358662,0.5676459686267532,1.4461770057678223
rafdb_dinol,dinov2-l14,lda_shrink,1024,4,16,2,,B_gender,rff,gamma x0.5,0.585727927771508,0.5724683205159002,0.5866155454862322,0.576009943757475,0.3330216407775879
rafdb_dinol,dinov2-l14,lda_shrink,1024,4,16,2,,B_gender,rff,gamma x2.0,0.5978817605694938,0.5881440491856913,0.5730219588706866,0.5677317162371873,0.33452773094177246
rafdb_dinol,dinov2-l14,lda_shrink,1024,4,16,2,,B_gender,tree,"depth=None,it=23",0.6508377463321469,0.6426419139989463,0.5772046009062392,0.568593393233105,0.32081127166748047
rafdb_dinol,dinov2-l14,lda_shrink,1024,4,16,2,,B_gender,tree,"depth=6,it=26",0.6321729316780971,0.6197711934953922,0.5733705123736493,0.5615312002688571,0.3170037269592285
rafdb_dinol,dinov2-l14,lda_shrink,1024,4,16,2,,B_gender,knn,k=15,1.0,1.0,0.5779017079121646,0.5547255088021035,0.13904261589050293
rafdb_dinol,dinov2-l14,lda_shrink,1024,4,16,2,,B_gender,knn,k=50,1.0,1.0,0.5845242244684559,0.5497716691872017,0.22499346733093262
rafdb_dinol,dinov2-l14,lda_shrink,1024,4,16,2,,B_race,lr,wd=1e-05,0.3786977426452612,0.3822266313205474,0.36310299869621904,0.34441295653915627,0.1849677562713623
rafdb_dinol,dinov2-l14,lda_shrink,1024,4,16,2,,B_race,lr,wd=0.001,0.3786977426452612,0.3822266313205474,0.36310299869621904,0.34441295653915627,0.1806948184967041
rafdb_dinol,dinov2-l14,lda_shrink,1024,4,16,2,,B_race,lr,wd=0.1,0.37837177084182216,0.38180696633075856,0.36310299869621904,0.34441295653915627,0.18188858032226562
rafdb_dinol,dinov2-l14,lda_shrink,1024,4,16,2,,B_race,mlp,"h=256,seed=0",0.4395729769374949,0.44811661408374004,0.3983050847457627,0.3843512968769566,1.4348361492156982
rafdb_dinol,dinov2-l14,lda_shrink,1024,4,16,2,,B_race,mlp,"h=256,seed=1",0.4204221334854535,0.448003725228508,0.3875488917861799,0.40106770975226586,1.3959808349609375
rafdb_dinol,dinov2-l14,lda_shrink,1024,4,16,2,,B_race,mlp,"h=1024,seed=0",0.4209925841414718,0.4742327653040877,0.3767926988265971,0.3842474373700679,1.4261534214019775
rafdb_dinol,dinov2-l14,lda_shrink,1024,4,16,2,,B_race,mlp,"h=1024,seed=1",0.4062423600358569,0.472195088910549,0.3604954367666232,0.3741708447753979,1.4306817054748535
rafdb_dinol,dinov2-l14,lda_shrink,1024,4,16,2,,B_race,rff,gamma x0.5,0.3930405019965773,0.4093796812116037,0.37777053455019555,0.3868758991833354,0.3390181064605713
rafdb_dinol,dinov2-l14,lda_shrink,1024,4,16,2,,B_race,rff,gamma x2.0,0.4191182462716975,0.4507227016875366,0.3829856584093872,0.39174875677381543,0.3339834213256836
rafdb_dinol,dinov2-l14,lda_shrink,1024,4,16,2,,B_race,tree,"depth=None,it=15",0.49588460598158257,0.5762859538582698,0.4041720990873533,0.36596898834984387,0.3539712429046631
rafdb_dinol,dinov2-l14,lda_shrink,1024,4,16,2,,B_race,tree,"depth=6,it=15",0.46182055252220683,0.5271830630246397,0.40384615384615385,0.3757071804248769,0.38051342964172363
rafdb_dinol,dinov2-l14,lda_shrink,1024,4,16,2,,B_race,knn,k=15,1.0,1.0,0.7594524119947849,0.3320009193920388,0.16303133964538574
rafdb_dinol,dinov2-l14,lda_shrink,1024,4,16,2,,B_race,knn,k=50,1.0,1.0,0.766297262059974,0.3333333333333333,0.25055480003356934
rafdb_dinol,dinov2-l14,lda_shrink,1024,4,16,2,,B_age,lr,wd=1e-05,0.28367696194279196,0.30272087184641727,0.2926988265971317,0.32978976868526355,0.20045232772827148
rafdb_dinol,dinov2-l14,lda_shrink,1024,4,16,2,,B_age,lr,wd=0.001,0.28367696194279196,0.30272087184641727,0.2926988265971317,0.32978976868526355,0.197998046875
rafdb_dinol,dinov2-l14,lda_shrink,1024,4,16,2,,B_age,lr,wd=0.1,0.28587727161600524,0.3042671131265614,0.29335071707953064,0.3303216282624501,0.19251227378845215
rafdb_dinol,dinov2-l14,lda_shrink,1024,4,16,2,,B_age,mlp,"h=256,seed=0",0.34194442180751367,0.37932904596813255,0.3318122555410691,0.35705870798307227,1.4209392070770264
rafdb_dinol,dinov2-l14,lda_shrink,1024,4,16,2,,B_age,mlp,"h=256,seed=1",0.3484638578762937,0.3830067081545083,0.3350717079530639,0.3566812377263579,1.4348888397216797
rafdb_dinol,dinov2-l14,lda_shrink,1024,4,16,2,,B_age,mlp,"h=1024,seed=0",0.34194442180751367,0.4046288350194919,0.3138852672750978,0.33975275132214766,1.438875436782837
rafdb_dinol,dinov2-l14,lda_shrink,1024,4,16,2,,B_age,mlp,"h=1024,seed=1",0.35628718115882974,0.40770201537885614,0.33083441981747064,0.34904978201691356,1.4156675338745117
rafdb_dinol,dinov2-l14,lda_shrink,1024,4,16,2,,B_age,rff,gamma x0.5,0.3347730421318556,0.37510557944135875,0.32040417209908734,0.3384339035929645,0.3511545658111572
rafdb_dinol,dinov2-l14,lda_shrink,1024,4,16,2,,B_age,rff,gamma x2.0,0.3449596609893244,0.39538467597885985,0.3177966101694915,0.34254180947344903,0.3541097640991211
rafdb_dinol,dinov2-l14,lda_shrink,1024,4,16,2,,B_age,tree,"depth=None,it=20",0.4464998777605737,0.540541473477992,0.3536505867014342,0.3282994003820028,0.45426225662231445
rafdb_dinol,dinov2-l14,lda_shrink,1024,4,16,2,,B_age,tree,"depth=6,it=21",0.416021514139027,0.49856815965714485,0.3376792698826597,0.3297233379231845,0.4656703472137451
rafdb_dinol,dinov2-l14,lda_shrink,1024,4,16,2,,B_age,knn,k=15,1.0,1.0,0.5153194263363755,0.24853730308239688,0.16002798080444336
rafdb_dinol,dinov2-l14,lda_shrink,1024,4,16,2,,B_age,knn,k=50,1.0,1.0,0.5436766623207301,0.24692487417181574,0.2570500373840332
rafdb_dinol,dinov2-l14,lda_shrink,1024,4,16,2,,Aprime_heldout,lr,wd=1e-05,0.5857725083364209,0.5773164899718104,0.6065830721003135,0.5794456066945607,0.18111300468444824
rafdb_dinol,dinov2-l14,lda_shrink,1024,4,16,2,,Aprime_heldout,lr,wd=0.001,0.5857725083364209,0.5773164899718104,0.6065830721003135,0.5794456066945607,0.1719989776611328
rafdb_dinol,dinov2-l14,lda_shrink,1024,4,16,2,,Aprime_heldout,lr,wd=0.1,0.5850314931456095,0.5768119491040001,0.6065830721003135,0.5794456066945607,0.16499996185302734
rafdb_dinol,dinov2-l14,lda_shrink,1024,4,16,2,,Aprime_heldout,mlp,"h=256,seed=0",0.6280103742126714,0.6470226459333444,0.6206896551724138,0.634597280334728,0.5120000839233398
rafdb_dinol,dinov2-l14,lda_shrink,1024,4,16,2,,Aprime_heldout,mlp,"h=256,seed=1",0.643571693219711,0.649161491076593,0.6285266457680251,0.6231956066945608,0.49915456771850586
rafdb_dinol,dinov2-l14,lda_shrink,1024,4,16,2,,Aprime_heldout,mlp,"h=1024,seed=0",0.6424601704334939,0.6840110506412665,0.5830721003134797,0.6219665271966527,0.4991626739501953
rafdb_dinol,dinov2-l14,lda_shrink,1024,4,16,2,,Aprime_heldout,mlp,"h=1024,seed=1",0.6354205261207855,0.6885645847494959,0.5689655172413793,0.6083943514644352,0.5035083293914795
rafdb_dinol,dinov2-l14,lda_shrink,1024,4,16,2,,Aprime_heldout,rff,gamma x0.5,0.6091144868469803,0.6346019334400117,0.6144200626959248,0.6324921548117155,0.18702030181884766
rafdb_dinol,dinov2-l14,lda_shrink,1024,4,16,2,,Aprime_heldout,rff,gamma x2.0,0.6502408299370137,0.6648293497826323,0.6300940438871473,0.6325575313807531,0.19000005722045898
rafdb_dinol,dinov2-l14,lda_shrink,1024,4,16,2,,Aprime_heldout,tree,"depth=None,it=15",0.7217487958503149,0.7335461271386692,0.6394984326018809,0.6055700836820084,0.2644047737121582
rafdb_dinol,dinov2-l14,lda_shrink,1024,4,16,2,,Aprime_heldout,tree,"depth=6,it=16",0.6413486476472767,0.6926009116919782,0.6018808777429467,0.6303608786610879,0.2710914611816406
rafdb_dinol,dinov2-l14,lda_shrink,1024,4,16,2,,Aprime_heldout,knn,k=15,1.0,1.0,0.7178683385579937,0.5061061715481171,0.029997825622558594
rafdb_dinol,dinov2-l14,lda_shrink,1024,4,16,2,,Aprime_heldout,knn,k=50,1.0,1.0,0.7601880877742947,0.5343488493723849,0.0559999942779541
rafdb_dinol,dinov2-l14,vib_b1,1024,4,16,2,,A_kept,lr,wd=1e-05,0.931884663602173,0.9566317386534408,0.837037037037037,0.7722579212919458,0.1558847427368164
rafdb_dinol,dinov2-l14,vib_b1,1024,4,16,2,,A_kept,lr,wd=0.001,0.931884663602173,0.9566317386534408,0.837037037037037,0.7722579212919458,0.14900779724121094
rafdb_dinol,dinov2-l14,vib_b1,1024,4,16,2,,A_kept,lr,wd=0.1,0.9295862933556206,0.9556350370807432,0.8366255144032921,0.7735309602778168,0.1529982089996338
rafdb_dinol,dinov2-l14,vib_b1,1024,4,16,2,,A_kept,mlp,"h=256,seed=0",0.9461972419557041,0.9649572152786146,0.8448559670781893,0.7592470979188289,1.1589529514312744
rafdb_dinol,dinov2-l14,vib_b1,1024,4,16,2,,A_kept,mlp,"h=256,seed=1",0.9467195988299206,0.9649393726494546,0.8452674897119341,0.754159577814595,1.1457712650299072
rafdb_dinol,dinov2-l14,vib_b1,1024,4,16,2,,A_kept,mlp,"h=1024,seed=0",0.9479732553280401,0.9677743731034922,0.8452674897119341,0.7541604828259297,1.1782150268554688
rafdb_dinol,dinov2-l14,vib_b1,1024,4,16,2,,A_kept,mlp,"h=1024,seed=1",0.9487045549519432,0.967635904130495,0.8452674897119341,0.7514013295890696,1.1756670475006104
rafdb_dinol,dinov2-l14,vib_b1,1024,4,16,2,,A_kept,rff,gamma x0.5,0.9449435854575846,0.963149296370567,0.8481481481481481,0.765048918821752,0.2790660858154297
rafdb_dinol,dinov2-l14,vib_b1,1024,4,16,2,,A_kept,rff,gamma x2.0,0.9453614709569578,0.9649010310409164,0.8452674897119341,0.7581984220401704,0.2931859493255615
rafdb_dinol,dinov2-l14,vib_b1,1024,4,16,2,,A_kept,tree,"depth=None,it=37",0.9694943585457585,0.9808225691636826,0.8432098765432099,0.7501182389421117,0.541208028793335
rafdb_dinol,dinov2-l14,vib_b1,1024,4,16,2,,A_kept,tree,"depth=6,it=41",0.963643961554534,0.9767108332667229,0.8452674897119341,0.7518403735271603,0.5642006397247314
rafdb_dinol,dinov2-l14,vib_b1,1024,4,16,2,,A_kept,knn,k=15,1.0,1.0,0.8555555555555555,0.753987805880916,0.1091761589050293
rafdb_dinol,dinov2-l14,vib_b1,1024,4,16,2,,A_kept,knn,k=50,1.0,1.0,0.8559670781893004,0.7518996991297018,0.19110369682312012
rafdb_dinol,dinov2-l14,vib_b1,1024,4,16,2,,B_gender,lr,wd=1e-05,0.5391092976820905,0.5395443791308083,0.5698849773440223,0.5719214878075299,0.1699991226196289
rafdb_dinol,dinov2-l14,vib_b1,1024,4,16,2,,B_gender,lr,wd=0.001,0.5391092976820905,0.5395443791308083,0.5698849773440223,0.5719214878075299,0.17650437355041504
rafdb_dinol,dinov2-l14,vib_b1,1024,4,16,2,,B_gender,lr,wd=0.1,0.5390224845906763,0.539468182849187,0.570233530846985,0.5722301297828386,0.16300439834594727
rafdb_dinol,dinov2-l14,vib_b1,1024,4,16,2,,B_gender,mlp,"h=256,seed=0",0.6010938449518187,0.590050477999857,0.5733705123736493,0.562356304796924,1.4111361503601074
rafdb_dinol,dinov2-l14,vib_b1,1024,4,16,2,,B_gender,mlp,"h=256,seed=1",0.6026564805972741,0.5905585198202868,0.573719065876612,0.5628483033340252,1.405172348022461
rafdb_dinol,dinov2-l14,vib_b1,1024,4,16,2,,B_gender,mlp,"h=1024,seed=0",0.6190641548745551,0.5972128669864707,0.5646566747995817,0.5445556445156124,1.4242773056030273
rafdb_dinol,dinov2-l14,vib_b1,1024,4,16,2,,B_gender,mlp,"h=1024,seed=1",0.619498220331626,0.60617941852507,0.5660508888114325,0.5536745445739307,1.425717830657959
rafdb_dinol,dinov2-l14,vib_b1,1024,4,16,2,,B_gender,rff,gamma x0.5,0.5757444222588767,0.5639031175577199,0.5751132798884628,0.5645412626397415,0.33409595489501953
rafdb_dinol,dinov2-l14,vib_b1,1024,4,16,2,,B_gender,rff,gamma x2.0,0.5952773678270683,0.5861542148794783,0.5569884977344022,0.5494086627326553,0.34261369705200195
rafdb_dinol,dinov2-l14,vib_b1,1024,4,16,2,,B_gender,tree,"depth=None,it=39",0.6721937668200365,0.6652842454864962,0.566747995817358,0.5602509167828089,0.3417189121246338
rafdb_dinol,dinov2-l14,vib_b1,1024,4,16,2,,B_gender,tree,"depth=6,it=25",0.638683913534161,0.6297540285037116,0.5670965493203207,0.5583592800166058,0.33305859565734863
rafdb_dinol,dinov2-l14,vib_b1,1024,4,16,2,,B_gender,knn,k=15,1.0,1.0,0.5440920181247821,0.5220368887702754,0.12950754165649414
rafdb_dinol,dinov2-l14,vib_b1,1024,4,16,2,,B_gender,knn,k=50,1.0,1.0,0.5740676193795747,0.5401456968043571,0.233320951461792
rafdb_dinol,dinov2-l14,vib_b1,1024,4,16,2,,B_race,lr,wd=1e-05,0.43207562545839784,0.37627913173194805,0.4305736636245111,0.38406279573775365,0.15976214408874512
rafdb_dinol,dinov2-l14,vib_b1,1024,4,16,2,,B_race,lr,wd=0.001,0.43207562545839784,0.37627913173194805,0.4305736636245111,0.38406279573775365,0.14899873733520508
rafdb_dinol,dinov2-l14,vib_b1,1024,4,16,2,,B_race,lr,wd=0.1,0.4317496536549588,0.3761371518221053,0.4305736636245111,0.38461114322449924,0.14904117584228516
rafdb_dinol,dinov2-l14,vib_b1,1024,4,16,2,,B_race,mlp,"h=256,seed=0",0.42743052725939207,0.442861715474605,0.4044980443285528,0.40202687000534354,1.366457462310791
rafdb_dinol,dinov2-l14,vib_b1,1024,4,16,2,,B_race,mlp,"h=256,seed=1",0.414717626925271,0.44802111048288634,0.38852672750977835,0.3862864700436131,1.3867883682250977
rafdb_dinol,dinov2-l14,vib_b1,1024,4,16,2,,B_race,mlp,"h=1024,seed=0",0.43419444218075137,0.4760754723179698,0.3895045632333768,0.37256304150132863,1.4182353019714355
rafdb_dinol,dinov2-l14,vib_b1,1024,4,16,2,,B_race,mlp,"h=1024,seed=1",0.383016869040828,0.4709507905912478,0.34419817470664926,0.3866653124323311,1.4131646156311035
rafdb_dinol,dinov2-l14,vib_b1,1024,4,16,2,,B_race,rff,gamma x0.5,0.4237633444707033,0.4177885804049802,0.40580182529335074,0.4044347907828758,0.3469994068145752
rafdb_dinol,dinov2-l14,vib_b1,1024,4,16,2,,B_race,rff,gamma x2.0,0.4134952326623747,0.45390374726229843,0.3748370273794003,0.36786670405112143,0.34851694107055664
rafdb_dinol,dinov2-l14,vib_b1,1024,4,16,2,,B_race,tree,"depth=None,it=14",0.515361421237063,0.5872456630182742,0.4240547588005215,0.3669020416565402,0.3521111011505127
rafdb_dinol,dinov2-l14,vib_b1,1024,4,16,2,,B_race,tree,"depth=6,it=12",0.4745334528563279,0.5381548392986836,0.4028683181225554,0.36884879867514453,0.35514211654663086
rafdb_dinol,dinov2-l14,vib_b1,1024,4,16,2,,B_race,knn,k=15,1.0,1.0,0.7591264667535854,0.3335041782141073,0.14800429344177246
rafdb_dinol,dinov2-l14,vib_b1,1024,4,16,2,,B_race,knn,k=50,1.0,1.0,0.766297262059974,0.3333333333333333,0.25077247619628906
rafdb_dinol,dinov2-l14,vib_b1,1024,4,16,2,,B_age,lr,wd=1e-05,0.24390840192323365,0.3043326686916104,0.25554106910039115,0.3196656825420258,0.16518378257751465
rafdb_dinol,dinov2-l14,vib_b1,1024,4,16,2,,B_age,lr,wd=0.001,0.24390840192323365,0.3043326686916104,0.25554106910039115,0.3196656825420258,0.14600372314453125
rafdb_dinol,dinov2-l14,vib_b1,1024,4,16,2,,B_age,lr,wd=0.1,0.24423437372667264,0.3050159214941517,0.2561929595827901,0.320685107911333,0.14699721336364746
rafdb_dinol,dinov2-l14,vib_b1,1024,4,16,2,,B_age,mlp,"h=256,seed=0",0.33485453508271534,0.3774261510711758,0.3194263363754889,0.34070832929392036,1.3916101455688477
rafdb_dinol,dinov2-l14,vib_b1,1024,4,16,2,,B_age,mlp,"h=256,seed=1",0.3505826745986472,0.38795552031390573,0.34159061277705344,0.34976125099508415,1.3890092372894287
rafdb_dinol,dinov2-l14,vib_b1,1024,4,16,2,,B_age,mlp,"h=1024,seed=0",0.3452856327927634,0.39937405217359434,0.325619295958279,0.3407990362762746,1.3986256122589111
rafdb_dinol,dinov2-l14,vib_b1,1024,4,16,2,,B_age,mlp,"h=1024,seed=1",0.3690000814929509,0.40750657570946985,0.34452411994784876,0.3329913313399207,1.3978466987609863
rafdb_dinol,dinov2-l14,vib_b1,1024,4,16,2,,B_age,rff,gamma x0.5,0.32857957786651454,0.36900489505551304,0.32529335071707954,0.3448068444972326,0.35000133514404297
rafdb_dinol,dinov2-l14,vib_b1,1024,4,16,2,,B_age,rff,gamma x2.0,0.34691549180995845,0.3943644385588132,0.31584093872229463,0.33694633418705056,0.3457298278808594
rafdb_dinol,dinov2-l14,vib_b1,1024,4,16,2,,B_age,tree,"depth=None,it=21",0.4497595957949637,0.5443617662664236,0.3513689700130378,0.333157934619783,0.4401223659515381
rafdb_dinol,dinov2-l14,vib_b1,1024,4,16,2,,B_age,tree,"depth=6,it=21",0.41463613397441124,0.5073014205876466,0.3438722294654498,0.3519264785810058,0.4555084705352783
rafdb_dinol,dinov2-l14,vib_b1,1024,4,16,2,,B_age,knn,k=15,1.0,1.0,0.516297262059974,0.2532581233747007,0.14300060272216797
rafdb_dinol,dinov2-l14,vib_b1,1024,4,16,2,,B_age,knn,k=50,1.0,1.0,0.5400912646675359,0.23841343779534366,0.2607231140136719
rafdb_dinol,dinov2-l14,vib_b1,1024,4,16,2,,Aprime_heldout,lr,wd=1e-05,0.6035568729158948,0.6067835765966221,0.6175548589341693,0.6117154811715482,0.1654973030090332
rafdb_dinol,dinov2-l14,vib_b1,1024,4,16,2,,Aprime_heldout,lr,wd=0.001,0.6035568729158948,0.6067835765966221,0.6175548589341693,0.6117154811715482,0.1609954833984375
rafdb_dinol,dinov2-l14,vib_b1,1024,4,16,2,,Aprime_heldout,lr,wd=0.1,0.6028158577250834,0.6062790357288117,0.6175548589341693,0.6117154811715482,0.16266393661499023
rafdb_dinol,dinov2-l14,vib_b1,1024,4,16,2,,Aprime_heldout,mlp,"h=256,seed=0",0.6380140792886254,0.6507183901979743,0.5940438871473355,0.568998430962343,0.4963705539703369
rafdb_dinol,dinov2-l14,vib_b1,1024,4,16,2,,Aprime_heldout,mlp,"h=256,seed=1",0.656168951463505,0.6559583672860487,0.6050156739811913,0.5596888075313807,0.49488353729248047
rafdb_dinol,dinov2-l14,vib_b1,1024,4,16,2,,Aprime_heldout,mlp,"h=1024,seed=0",0.6439422008151167,0.6770086989319496,0.5846394984326019,0.5772751046025104,0.49794936180114746
rafdb_dinol,dinov2-l14,vib_b1,1024,4,16,2,,Aprime_heldout,mlp,"h=1024,seed=1",0.6487587995553908,0.6834037720235255,0.5626959247648903,0.5605517782426779,0.49791502952575684
rafdb_dinol,dinov2-l14,vib_b1,1024,4,16,2,,Aprime_heldout,rff,gamma x0.5,0.6213412374953686,0.6273490705048363,0.5924764890282131,0.578347280334728,0.17664146423339844
rafdb_dinol,dinov2-l14,vib_b1,1024,4,16,2,,Aprime_heldout,rff,gamma x2.0,0.6676546869210819,0.6775762194478339,0.6159874608150471,0.5857217573221758,0.17662811279296875
rafdb_dinol,dinov2-l14,vib_b1,1024,4,16,2,,Aprime_heldout,tree,"depth=None,it=14",0.7184142274916636,0.7272699765110542,0.6504702194357367,0.600418410041841,0.2644968032836914
rafdb_dinol,dinov2-l14,vib_b1,1024,4,16,2,,Aprime_heldout,tree,"depth=6,it=13",0.710263060392738,0.7092577971619048,0.6379310344827587,0.579576359832636,0.2725954055786133
rafdb_dinol,dinov2-l14,vib_b1,1024,4,16,2,,Aprime_heldout,knn,k=15,1.0,1.0,0.7460815047021944,0.5374084728033472,0.03200030326843262
rafdb_dinol,dinov2-l14,vib_b1,1024,4,16,2,,Aprime_heldout,knn,k=50,1.0,1.0,0.7617554858934169,0.5353948744769874,0.055999755859375
rafdb_dinol,dinov2-l14,adv2attr_lam03,1024,4,16,2,,A_kept,lr,wd=1e-05,0.9325114918512327,0.9575677783289805,0.8296296296296296,0.7683144282111873,0.1672525405883789
rafdb_dinol,dinov2-l14,adv2attr_lam03,1024,4,16,2,,A_kept,lr,wd=0.001,0.9325114918512327,0.9575677783289805,0.8296296296296296,0.7683144282111873,0.1630997657775879
rafdb_dinol,dinov2-l14,adv2attr_lam03,1024,4,16,2,,A_kept,lr,wd=0.1,0.9292728792310907,0.9567458013096122,0.8292181069958847,0.7717453697012006,0.16159820556640625
rafdb_dinol,dinov2-l14,adv2attr_lam03,1024,4,16,2,,A_kept,mlp,"h=256,seed=0",0.968972001671542,0.9839201264821913,0.8518518518518519,0.768912566096995,1.1652796268463135
rafdb_dinol,dinov2-l14,adv2attr_lam03,1024,4,16,2,,A_kept,mlp,"h=256,seed=1",0.9695988299206018,0.9844340336010232,0.8510288065843621,0.7689509959685494,1.1701538562774658
rafdb_dinol,dinov2-l14,adv2attr_lam03,1024,4,16,2,,A_kept,mlp,"h=1024,seed=0",0.9710614291684079,0.9853239875061229,0.8502057613168724,0.7671716278687546,1.1942744255065918
rafdb_dinol,dinov2-l14,adv2attr_lam03,1024,4,16,2,,A_kept,mlp,"h=1024,seed=1",0.9706435436690347,0.9850816866040036,0.8502057613168724,0.7659804950630773,1.184391975402832
rafdb_dinol,dinov2-l14,adv2attr_lam03,1024,4,16,2,,A_kept,rff,gamma x0.5,0.9633305474300041,0.9809465463898729,0.8477366255144033,0.7689803204034338,0.28710460662841797
rafdb_dinol,dinov2-l14,adv2attr_lam03,1024,4,16,2,,A_kept,rff,gamma x2.0,0.9668825741746762,0.9830457185088918,0.8497942386831275,0.7724580554341648,0.28237056732177734
rafdb_dinol,dinov2-l14,adv2attr_lam03,1024,4,16,2,,A_kept,tree,"depth=None,it=68",0.9897618052653573,0.9941319945848466,0.8530864197530864,0.7680129167220363,0.7795560359954834
rafdb_dinol,dinov2-l14,adv2attr_lam03,1024,4,16,2,,A_kept,tree,"depth=6,it=78",0.9849561220225658,0.9923120675098656,0.8526748971193415,0.767907284100812,0.8211479187011719
rafdb_dinol,dinov2-l14,adv2attr_lam03,1024,4,16,2,,A_kept,knn,k=15,1.0,1.0,0.854320987654321,0.7576466084927347,0.11004877090454102
rafdb_dinol,dinov2-l14,adv2attr_lam03,1024,4,16,2,,A_kept,knn,k=50,1.0,1.0,0.857201646090535,0.7524683081954565,0.18905234336853027
rafdb_dinol,dinov2-l14,adv2attr_lam03,1024,4,16,2,,B_gender,lr,wd=1e-05,0.5486587377376508,0.546889780610661,0.5364238410596026,0.5352326305488835,0.1820087432861328
rafdb_dinol,dinov2-l14,adv2attr_lam03,1024,4,16,2,,B_gender,lr,wd=0.001,0.5486587377376508,0.546889780610661,0.5364238410596026,0.5352326305488835,0.1470034122467041
rafdb_dinol,dinov2-l14,adv2attr_lam03,1024,4,16,2,,B_gender,lr,wd=0.1,0.5487455508290651,0.5469659768922825,0.5364238410596026,0.5352326305488835,0.14762592315673828
rafdb_dinol,dinov2-l14,adv2attr_lam03,1024,4,16,2,,B_gender,mlp,"h=256,seed=0",0.5943224238215122,0.5890414037405627,0.5566399442314395,0.55175869090334,1.3608577251434326
rafdb_dinol,dinov2-l14,adv2attr_lam03,1024,4,16,2,,B_gender,mlp,"h=256,seed=1",0.5966663772896953,0.5859177558518037,0.5559428372255141,0.5454573535371507,1.3780744075775146
rafdb_dinol,dinov2-l14,adv2attr_lam03,1024,4,16,2,,B_gender,mlp,"h=1024,seed=0",0.6133344908412188,0.5949717555740108,0.5625653537818055,0.544812393124376,1.4107894897460938
rafdb_dinol,dinov2-l14,adv2attr_lam03,1024,4,16,2,,B_gender,mlp,"h=1024,seed=1",0.6176751454119281,0.6049493642890578,0.566747995817358,0.5547502199290296,1.4069581031799316
rafdb_dinol,dinov2-l14,adv2attr_lam03,1024,4,16,2,,B_gender,rff,gamma x0.5,0.5670631131174582,0.5642276088841329,0.5531544092018125,0.5515142978580395,0.3300740718841553
rafdb_dinol,dinov2-l14,adv2attr_lam03,1024,4,16,2,,B_gender,rff,gamma x2.0,0.5906762739821165,0.5828806184881539,0.5510630881840363,0.5437033577479268,0.3508439064025879
rafdb_dinol,dinov2-l14,adv2attr_lam03,1024,4,16,2,,B_gender,tree,"depth=None,it=20",0.631217987672541,0.6256435949593201,0.5489717671662601,0.5419431841769712,0.2963712215423584
rafdb_dinol,dinov2-l14,adv2attr_lam03,1024,4,16,2,,B_gender,tree,"depth=6,it=23",0.6195850334230402,0.613262229510886,0.5482746601603347,0.5405924739791833,0.3210136890411377
rafdb_dinol,dinov2-l14,adv2attr_lam03,1024,4,16,2,,B_gender,knn,k=15,1.0,1.0,0.5538515162077379,0.5298537595508506,0.13000035285949707
rafdb_dinol,dinov2-l14,adv2attr_lam03,1024,4,16,2,,B_gender,knn,k=50,1.0,1.0,0.5625653537818055,0.5278519111585565,0.2281656265258789
rafdb_dinol,dinov2-l14,adv2attr_lam03,1024,4,16,2,,B_race,lr,wd=1e-05,0.38236492543394995,0.391840239119374,0.3679921773142112,0.37095995381091457,0.17400765419006348
rafdb_dinol,dinov2-l14,adv2attr_lam03,1024,4,16,2,,B_race,lr,wd=0.001,0.38236492543394995,0.391840239119374,0.3679921773142112,0.37095995381091457,0.14760804176330566
rafdb_dinol,dinov2-l14,adv2attr_lam03,1024,4,16,2,,B_race,lr,wd=0.1,0.38260940428652923,0.391946724051756,0.3683181225554107,0.372384455235416,0.14799785614013672
rafdb_dinol,dinov2-l14,adv2attr_lam03,1024,4,16,2,,B_race,mlp,"h=256,seed=0",0.42131855594491074,0.44860682946834096,0.38657105606258146,0.3904000584506567,1.3806631565093994
rafdb_dinol,dinov2-l14,adv2attr_lam03,1024,4,16,2,,B_race,mlp,"h=256,seed=1",0.3964632059326868,0.452911830242783,0.36114732724902215,0.3924915534036537,1.3671603202819824
rafdb_dinol,dinov2-l14,adv2attr_lam03,1024,4,16,2,,B_race,mlp,"h=1024,seed=0",0.3899437698639068,0.4750979297578637,0.34647979139504564,0.3793159341769554,1.4252760410308838
rafdb_dinol,dinov2-l14,adv2attr_lam03,1024,4,16,2,,B_race,mlp,"h=1024,seed=1",0.3949963328172113,0.4793535143102919,0.3396349413298566,0.38430829587229276,1.4019889831542969
rafdb_dinol,dinov2-l14,adv2attr_lam03,1024,4,16,2,,B_race,rff,gamma x0.5,0.3753565316600114,0.41604900171054027,0.3539765319426336,0.3937493723061382,0.3438131809234619
rafdb_dinol,dinov2-l14,adv2attr_lam03,1024,4,16,2,,B_race,rff,gamma x2.0,0.39923396626191837,0.45623820604993853,0.35528031290743156,0.38188081652472383,0.3435940742492676
rafdb_dinol,dinov2-l14,adv2attr_lam03,1024,4,16,2,,B_race,tree,"depth=None,it=13",0.4825197620405835,0.5738337195036893,0.39146023468057367,0.39155781515184546,0.3324899673461914
rafdb_dinol,dinov2-l14,adv2attr_lam03,1024,4,16,2,,B_race,tree,"depth=6,it=14",0.46043517235759107,0.5471623848406059,0.37353324641460234,0.3760828502381588,0.35155653953552246
rafdb_dinol,dinov2-l14,adv2attr_lam03,1024,4,16,2,,B_race,knn,k=15,1.0,1.0,0.7623859191655802,0.33510803740863104,0.1440281867980957
rafdb_dinol,dinov2-l14,adv2attr_lam03,1024,4,16,2,,B_race,knn,k=50,1.0,1.0,0.766297262059974,0.3333333333333333,0.2541189193725586
rafdb_dinol,dinov2-l14,adv2attr_lam03,1024,4,16,2,,B_age,lr,wd=1e-05,0.22377964306087522,0.31194611926948523,0.23109517601043025,0.3340076159464343,0.17587542533874512
rafdb_dinol,dinov2-l14,adv2attr_lam03,1024,4,16,2,,B_age,lr,wd=0.001,0.22377964306087522,0.31200988046943073,0.23109517601043025,0.3340076159464343,0.1600046157836914
rafdb_dinol,dinov2-l14,adv2attr_lam03,1024,4,16,2,,B_age,lr,wd=0.1,0.2233721783065765,0.31096215578802255,0.2301173402868318,0.32855868868733973,0.15906095504760742
rafdb_dinol,dinov2-l14,adv2attr_lam03,1024,4,16,2,,B_age,mlp,"h=256,seed=0",0.31407383261347893,0.39776570234491204,0.31453715775749674,0.36457685967709397,1.3921961784362793
rafdb_dinol,dinov2-l14,adv2attr_lam03,1024,4,16,2,,B_age,mlp,"h=256,seed=1",0.31513324097465567,0.3961677229137564,0.3119295958279009,0.3652796849237202,1.3936724662780762
rafdb_dinol,dinov2-l14,adv2attr_lam03,1024,4,16,2,,B_age,mlp,"h=1024,seed=0",0.32988346508027055,0.4167903152908868,0.3161668839634941,0.3556199269703866,1.4061071872711182
rafdb_dinol,dinov2-l14,adv2attr_lam03,1024,4,16,2,,B_age,mlp,"h=1024,seed=1",0.34862684377801323,0.42238077385027617,0.3347457627118644,0.35799188198843,1.4106898307800293
rafdb_dinol,dinov2-l14,adv2attr_lam03,1024,4,16,2,,B_age,rff,gamma x0.5,0.2969603129329313,0.3680633017420515,0.2943285528031291,0.3561519972289922,0.3461935520172119
rafdb_dinol,dinov2-l14,adv2attr_lam03,1024,4,16,2,,B_age,rff,gamma x2.0,0.3214896911417162,0.3983201213144156,0.30834419817470665,0.36174964154533623,0.34600305557250977
rafdb_dinol,dinov2-l14,adv2attr_lam03,1024,4,16,2,,B_age,tree,"depth=None,it=21",0.42865292152228834,0.5384550793602395,0.333116036505867,0.3511949495728773,0.45406627655029297
rafdb_dinol,dinov2-l14,adv2attr_lam03,1024,4,16,2,,B_age,tree,"depth=6,it=20",0.39409991035775405,0.492818907124677,0.318122555410691,0.3513007056548326,0.4300980567932129
rafdb_dinol,dinov2-l14,adv2attr_lam03,1024,4,16,2,,B_age,knn,k=15,1.0,1.0,0.5267275097783573,0.2640868738598277,0.1390361785888672
rafdb_dinol,dinov2-l14,adv2attr_lam03,1024,4,16,2,,B_age,knn,k=50,1.0,1.0,0.5459582790091264,0.2406057352957788,0.25707364082336426
rafdb_dinol,dinov2-l14,adv2attr_lam03,1024,4,16,2,,Aprime_heldout,lr,wd=1e-05,0.5731752500926269,0.5740802508489937,0.5768025078369906,0.559571129707113,0.18733930587768555
rafdb_dinol,dinov2-l14,adv2attr_lam03,1024,4,16,2,,Aprime_heldout,lr,wd=0.001,0.5731752500926269,0.5740802508489937,0.5768025078369906,0.559571129707113,0.15900015830993652
rafdb_dinol,dinov2-l14,adv2attr_lam03,1024,4,16,2,,Aprime_heldout,lr,wd=0.1,0.5735457576880326,0.5743325212828989,0.5768025078369906,0.559571129707113,0.15999984741210938
rafdb_dinol,dinov2-l14,adv2attr_lam03,1024,4,16,2,,Aprime_heldout,mlp,"h=256,seed=0",0.62726935902186,0.6527492199671521,0.6191222570532915,0.6252353556485355,0.48806262016296387
rafdb_dinol,dinov2-l14,adv2attr_lam03,1024,4,16,2,,Aprime_heldout,mlp,"h=256,seed=1",0.6346795109299741,0.6573495490094251,0.622257053291536,0.6356433054393305,0.48399996757507324
rafdb_dinol,dinov2-l14,adv2attr_lam03,1024,4,16,2,,Aprime_heldout,mlp,"h=1024,seed=0",0.6361615413115969,0.6783872143573895,0.5940438871473355,0.6147358786610879,0.4849998950958252
rafdb_dinol,dinov2-l14,adv2attr_lam03,1024,4,16,2,,Aprime_heldout,mlp,"h=1024,seed=1",0.6087439792515746,0.6690658746008357,0.5579937304075235,0.6052301255230126,0.48750758171081543
rafdb_dinol,dinov2-l14,adv2attr_lam03,1024,4,16,2,,Aprime_heldout,rff,gamma x0.5,0.6102260096331975,0.6402546207358556,0.6159874608150471,0.641854079497908,0.1938338279724121
rafdb_dinol,dinov2-l14,adv2attr_lam03,1024,4,16,2,,Aprime_heldout,rff,gamma x2.0,0.6439422008151167,0.6685521858511823,0.603448275862069,0.616854079497908,0.18500328063964844
rafdb_dinol,dinov2-l14,adv2attr_lam03,1024,4,16,2,,Aprime_heldout,tree,"depth=None,it=11",0.6832160059281215,0.704194444561725,0.6269592476489029,0.6221495815899583,0.2547485828399658
rafdb_dinol,dinov2-l14,adv2attr_lam03,1024,4,16,2,,Aprime_heldout,tree,"depth=6,it=11",0.6476472767691738,0.6808666421784907,0.6050156739811913,0.6116631799163179,0.2660343647003174
rafdb_dinol,dinov2-l14,adv2attr_lam03,1024,4,16,2,,Aprime_heldout,knn,k=15,1.0,1.0,0.731974921630094,0.5279942468619246,0.023000478744506836
rafdb_dinol,dinov2-l14,adv2attr_lam03,1024,4,16,2,,Aprime_heldout,knn,k=50,1.0,1.0,0.7554858934169278,0.5187369246861925,0.05399966239929199
rafdb_dinol,dinov2-l14,leace2attr,1024,1024,4096,2,,A_kept,lr,wd=1e-05,0.9619724195570414,0.9794220242618689,0.828395061728395,0.7471774254260538,0.46775269508361816
rafdb_dinol,dinov2-l14,leace2attr,1024,1024,4096,2,,A_kept,lr,wd=0.001,0.9618679481821981,0.9793801131135036,0.828395061728395,0.7471774254260538,0.2261800765991211
rafdb_dinol,dinov2-l14,leace2attr,1024,1024,4096,2,,A_kept,lr,wd=0.1,0.9588382783117426,0.9774146972793162,0.8288065843621399,0.7523886400271967,0.21404170989990234
rafdb_dinol,dinov2-l14,leace2attr,1024,1024,4096,2,,A_kept,mlp,"h=256,seed=0",1.0,1.0,0.8724279835390947,0.7741872934667197,1.2552919387817383
rafdb_dinol,dinov2-l14,leace2attr,1024,1024,4096,2,,A_kept,mlp,"h=256,seed=1",1.0,1.0,0.8716049382716049,0.7765984303125402,1.2702298164367676
rafdb_dinol,dinov2-l14,leace2attr,1024,1024,4096,2,,A_kept,mlp,"h=1024,seed=0",1.0,1.0,0.8781893004115227,0.7734159730384178,2.6851933002471924
rafdb_dinol,dinov2-l14,leace2attr,1024,1024,4096,2,,A_kept,mlp,"h=1024,seed=1",1.0,1.0,0.8777777777777778,0.7777873647826067,2.6873881816864014
rafdb_dinol,dinov2-l14,leace2attr,1024,1024,4096,2,,A_kept,rff,gamma x0.5,0.8840367739239449,0.8876714435758485,0.8275720164609054,0.7599319523236288,1.5444846153259277
rafdb_dinol,dinov2-l14,leace2attr,1024,1024,4096,2,,A_kept,rff,gamma x2.0,0.9154826577517761,0.9419188830008937,0.8016460905349794,0.7123630605266933,0.3649933338165283
rafdb_dinol,dinov2-l14,leace2attr,1024,1024,4096,2,,A_kept,tree,"depth=None,it=39",0.964688675302967,0.9489749030838854,0.8296296296296296,0.6934111527692111,87.82630324363708
rafdb_dinol,dinov2-l14,leace2attr,1024,1024,4096,2,,A_kept,tree,"depth=6,it=34",0.9563309653155035,0.9465288984451445,0.8185185185185185,0.6881512031457111,83.88487911224365
rafdb_dinol,dinov2-l14,leace2attr,1024,1024,4096,2,,A_kept,knn,k=15,1.0,1.0,0.7847736625514403,0.62323338335986,1.2294425964355469
rafdb_dinol,dinov2-l14,leace2attr,1024,1024,4096,2,,A_kept,knn,k=50,1.0,1.0,0.774074074074074,0.6016483738429155,1.2544136047363281
rafdb_dinol,dinov2-l14,leace2attr,1024,1024,4096,2,,B_gender,lr,wd=1e-05,0.5701883844083688,0.5742240015120589,0.5615196932729174,0.5643307238383299,0.5192074775695801
rafdb_dinol,dinov2-l14,leace2attr,1024,1024,4096,2,,B_gender,lr,wd=0.001,0.5701015713169546,0.5741478052304374,0.5618682467758801,0.5645476875327422,0.22135424613952637
rafdb_dinol,dinov2-l14,leace2attr,1024,1024,4096,2,,B_gender,lr,wd=0.1,0.5691466273113985,0.5730382631687065,0.560822586266992,0.56353008332592,0.23501205444335938
rafdb_dinol,dinov2-l14,leace2attr,1024,1024,4096,2,,B_gender,mlp,"h=256,seed=0",1.0,1.0,0.8947368421052632,0.8929467030414455,1.5073750019073486
rafdb_dinol,dinov2-l14,leace2attr,1024,1024,4096,2,,B_gender,mlp,"h=256,seed=1",1.0,1.0,0.8905542000697108,0.8890596427759492,1.4690966606140137
rafdb_dinol,dinov2-l14,leace2attr,1024,1024,4096,2,,B_gender,mlp,"h=1024,seed=0",1.0,1.0,0.8978738236319275,0.8962745505046013,3.191962242126465
rafdb_dinol,dinov2-l14,leace2attr,1024,1024,4096,2,,B_gender,mlp,"h=1024,seed=1",1.0,1.0,0.8989194841408156,0.8974755112732161,3.1930079460144043
rafdb_dinol,dinov2-l14,leace2attr,1024,1024,4096,2,,B_gender,rff,gamma x0.5,0.859883670457505,0.8603414847727027,0.8278145695364238,0.8286451383328886,1.6380078792572021
rafdb_dinol,dinov2-l14,leace2attr,1024,1024,4096,2,,B_gender,rff,gamma x2.0,0.885146280059033,0.8853517882561748,0.8149180899268038,0.8149334282240608,0.44950008392333984
rafdb_dinol,dinov2-l14,leace2attr,1024,1024,4096,2,,B_gender,tree,"depth=None,it=100",0.9722198107474607,0.9718671707436776,0.8644126873475079,0.8617859719874665,85.6627745628357
rafdb_dinol,dinov2-l14,leace2attr,1024,1024,4096,2,,B_gender,tree,"depth=6,it=100",0.9670978383540237,0.966064017665609,0.8497734402230742,0.8471727999683698,84.42556023597717
rafdb_dinol,dinov2-l14,leace2attr,1024,1024,4096,2,,B_gender,knn,k=15,1.0,1.0,0.8243290345067968,0.8117152981644575,1.8155009746551514
rafdb_dinol,dinov2-l14,leace2attr,1024,1024,4096,2,,B_gender,knn,k=50,1.0,1.0,0.8180550714534681,0.8024009330921528,1.8184990882873535
rafdb_dinol,dinov2-l14,leace2attr,1024,1024,4096,2,,B_race,lr,wd=1e-05,0.4342759351316111,0.452297943969356,0.4152542372881356,0.41782953975730414,0.4276261329650879
rafdb_dinol,dinov2-l14,leace2attr,1024,1024,4096,2,,B_race,lr,wd=0.001,0.43289055496699536,0.4597984574461389,0.41623207301173404,0.42869293482353604,0.22699809074401855
rafdb_dinol,dinov2-l14,leace2attr,1024,1024,4096,2,,B_race,lr,wd=0.1,0.4350093716893489,0.4530027538267483,0.42470664928292046,0.4191995278304527,0.23099994659423828
rafdb_dinol,dinov2-l14,leace2attr,1024,1024,4096,2,,B_race,mlp,"h=256,seed=0",1.0,1.0,0.8575619295958279,0.7312371047321946,1.438999891281128
rafdb_dinol,dinov2-l14,leace2attr,1024,1024,4096,2,,B_race,mlp,"h=256,seed=1",1.0,1.0,0.8539765319426337,0.7234596395453016,1.4149999618530273
rafdb_dinol,dinov2-l14,leace2attr,1024,1024,4096,2,,B_race,mlp,"h=1024,seed=0",1.0,1.0,0.8634289439374185,0.7383717338778091,3.446991443634033
rafdb_dinol,dinov2-l14,leace2attr,1024,1024,4096,2,,B_race,mlp,"h=1024,seed=1",1.0,1.0,0.8614732724902217,0.7340449243154845,3.5386500358581543
rafdb_dinol,dinov2-l14,leace2attr,1024,1024,4096,2,,B_race,rff,gamma x0.5,0.7338440224920544,0.769275684732562,0.6861147327249022,0.6713365960957179,1.9668664932250977
rafdb_dinol,dinov2-l14,leace2attr,1024,1024,4096,2,,B_race,rff,gamma x2.0,0.8049873685926168,0.8572905504793303,0.6903520208604954,0.635080016379371,0.45114612579345703
rafdb_dinol,dinov2-l14,leace2attr,1024,1024,4096,2,,B_race,tree,"depth=None,it=45",0.9548529052236981,0.9342142476017173,0.8116036505867015,0.6290531391783403,88.40343618392944
rafdb_dinol,dinov2-l14,leace2attr,1024,1024,4096,2,,B_race,tree,"depth=6,it=58",0.9534675250590824,0.9322535801448281,0.8076923076923077,0.6017071007454379,86.60517430305481
rafdb_dinol,dinov2-l14,leace2attr,1024,1024,4096,2,,B_race,knn,k=15,1.0,1.0,0.8259452411994785,0.5471062081385164,1.913745641708374
rafdb_dinol,dinov2-l14,leace2attr,1024,1024,4096,2,,B_race,knn,k=50,1.0,1.0,0.8028031290743155,0.4621713583487481,1.9729034900665283
rafdb_dinol,dinov2-l14,leace2attr,1024,1024,4096,2,,B_age,lr,wd=1e-05,0.7658707521799364,0.828719844265309,0.651890482398957,0.685310662083135,0.440324068069458
rafdb_dinol,dinov2-l14,leace2attr,1024,1024,4096,2,,B_age,lr,wd=0.001,0.7657077662782169,0.8285115109319754,0.651890482398957,0.685310662083135,0.21687531471252441
rafdb_dinol,dinov2-l14,leace2attr,1024,1024,4096,2,,B_age,lr,wd=0.1,0.7649743297204792,0.826181830674696,0.6551499348109517,0.6919193661551098,0.22432875633239746
rafdb_dinol,dinov2-l14,leace2attr,1024,1024,4096,2,,B_age,mlp,"h=256,seed=0",1.0,1.0,0.7728161668839635,0.7170104296433237,1.5244231224060059
rafdb_dinol,dinov2-l14,leace2attr,1024,1024,4096,2,,B_age,mlp,"h=256,seed=1",1.0,1.0,0.7783572359843546,0.7164209712789702,1.4947421550750732
rafdb_dinol,dinov2-l14,leace2attr,1024,1024,4096,2,,B_age,mlp,"h=1024,seed=0",1.0,1.0,0.7754237288135594,0.7219278053892728,3.3574793338775635
rafdb_dinol,dinov2-l14,leace2attr,1024,1024,4096,2,,B_age,mlp,"h=1024,seed=1",1.0,1.0,0.7832464146023468,0.7276265960120216,3.370774984359741
rafdb_dinol,dinov2-l14,leace2attr,1024,1024,4096,2,,B_age,rff,gamma x0.5,0.7795615679243746,0.8255925913438433,0.7314211212516297,0.7585813556437365,1.927682638168335
rafdb_dinol,dinov2-l14,leace2attr,1024,1024,4096,2,,B_age,rff,gamma x2.0,0.8238937331920789,0.8772766245302899,0.7213168187744459,0.7255241478027579,0.44803643226623535
rafdb_dinol,dinov2-l14,leace2attr,1024,1024,4096,2,,B_age,tree,"depth=None,it=32",0.9136174720886643,0.9279869423567065,0.741851368970013,0.6917234302453247,89.01890730857849
rafdb_dinol,dinov2-l14,leace2attr,1024,1024,4096,2,,B_age,tree,"depth=6,it=35",0.9078314725776221,0.9223056320355946,0.7522816166883963,0.6951298685537081,87.42838668823242
rafdb_dinol,dinov2-l14,leace2attr,1024,1024,4096,2,,B_age,knn,k=15,1.0,1.0,0.7522816166883963,0.6308276417562542,1.9770827293395996
rafdb_dinol,dinov2-l14,leace2attr,1024,1024,4096,2,,B_age,knn,k=50,1.0,1.0,0.7460886571056062,0.6092313603182633,2.028952121734619
rafdb_dinol,dinov2-l14,leace2attr,1024,1024,4096,2,,Aprime_heldout,lr,wd=1e-05,0.9948128936643201,0.996468213925328,0.8385579937304075,0.8049424686192469,0.4135701656341553
rafdb_dinol,dinov2-l14,leace2attr,1024,1024,4096,2,,Aprime_heldout,lr,wd=0.001,0.9948128936643201,0.996468213925328,0.8385579937304075,0.8049424686192469,0.1999983787536621
rafdb_dinol,dinov2-l14,leace2attr,1024,1024,4096,2,,Aprime_heldout,lr,wd=0.1,0.9922193404964802,0.9947023208879919,0.8369905956112853,0.8059754184100418,0.20200181007385254
rafdb_dinol,dinov2-l14,leace2attr,1024,1024,4096,2,,Aprime_heldout,mlp,"h=256,seed=0",1.0,1.0,0.8557993730407524,0.806053870292887,0.5547380447387695
rafdb_dinol,dinov2-l14,leace2attr,1024,1024,4096,2,,Aprime_heldout,mlp,"h=256,seed=1",1.0,1.0,0.8573667711598746,0.813336820083682,0.5301809310913086
rafdb_dinol,dinov2-l14,leace2attr,1024,1024,4096,2,,Aprime_heldout,mlp,"h=1024,seed=0",1.0,1.0,0.8557993730407524,0.8081328451882845,0.84275221824646
rafdb_dinol,dinov2-l14,leace2attr,1024,1024,4096,2,,Aprime_heldout,mlp,"h=1024,seed=1",1.0,1.0,0.8620689655172413,0.818553870292887,0.8453183174133301
rafdb_dinol,dinov2-l14,leace2attr,1024,1024,4096,2,,Aprime_heldout,rff,gamma x0.5,0.9199703593923676,0.9299317990224433,0.829153605015674,0.8069822175732217,0.8797605037689209
rafdb_dinol,dinov2-l14,leace2attr,1024,1024,4096,2,,Aprime_heldout,rff,gamma x2.0,0.9740644683216005,0.9810058307191503,0.7836990595611285,0.7350679916317991,0.25299978256225586
rafdb_dinol,dinov2-l14,leace2attr,1024,1024,4096,2,,Aprime_heldout,tree,"depth=None,it=27",0.9577621341237496,0.9525478258299591,0.835423197492163,0.7716657949790795,66.46650862693787
rafdb_dinol,dinov2-l14,leace2attr,1024,1024,4096,2,,Aprime_heldout,tree,"depth=6,it=27",0.9540570581696924,0.949134962219248,0.8275862068965517,0.774751569037657,67.25238156318665
rafdb_dinol,dinov2-l14,leace2attr,1024,1024,4096,2,,Aprime_heldout,knn,k=15,1.0,1.0,0.8103448275862069,0.6717703974895397,0.20196151733398438
rafdb_dinol,dinov2-l14,leace2attr,1024,1024,4096,2,,Aprime_heldout,knn,k=50,1.0,1.0,0.7931034482758621,0.6311584728033472,0.17600202560424805
